ID,Month,age,gender,overallRT,overallAccu,visNo,visRT,audNo,audRT,mrtrNo,mrtrRT,cmtrNo,cmtrRT,mrtsNo,mrtsRT,cmtsNo,cmtsRT,visAccu,audAccu,mrtrAccu,cmtrAccu,mrtsAccu,cmtsAccu,v2vAccu,a2vAccu,a2aAccu,v2aAccu,VSingleAccu,ASingleAccu,mrtrVNo,mrtrV,mrtrANo,mrtrA,mrtsVNo,mrtsV,mrtsANo,mrtsA,cmtrVNo,cmtrV,cmtrANo,cmtrA,cmtsVNo,cmtsV,cmtsANo,cmtsA,trVsingleNo,trVsingleRT,trAsingleNo,trAsingleRT,TScost,MScost,CMTScost,combinedcost
YE01,56,1,2,2640.0739,.78261,21,2936.1289,27,2407.6284,11,2540.0251,13,2694.0866,8,2641.3929,16,2667.7922,.65625,.72973,.83333,.8,.58333,.875,.33333,.88889,.8,.58333,.64706,.8,0, ,6,2434.0666,2,2110.9,2,2103.5,4,2809.9214,1,3643.1,4,2722.5633,6,2452.1335,6,3091.5048,7,2116.9182,101.3678,154.0615,127.7671,255.4293
YE02,58,1,1,2303.8308,.76522,23,2134.9349,21,2482.6236,9,2158.8768,12,2449.3055,10,2529.8894,13,2091.9615,.71875,.56757,.79167,.77143,.70833,.78125,.66667,.77778,.6,.75,.70588,.4,0, ,4,1946.8193,4,2258.7133,2,2715.45,4,1740.3334,3,3320.9817,3,2600.2812,6,2030.2163,7,2056.1964,3,3241.5519,371.0126,290.4287,-66.9153000000001,661.4413
YE04,56,1,2,2278.3978,.75652,28,2390.0284,29,2169.9826,13,2319.6905,14,2387.03,19,2101.2904,11,2390.8104,.8,.82857,.90476,.72973,.86207,.57143,1,.55556,1,.7,.83333,.8125,5,2192.5755,3,2007.8105,7,2107.4664,6,2331.4483,3,2971.2489,3,1876.1294,2,2860.6,3,2118.7248,6,2394.3946,7,2532.5095,-218.4001,67.3395,71.1198999999997,-151.0606
YE05,57,1,1,2275.4129,.73913,26,2254.9481,19,2301.9393,13,2235.4629,12,2238.655,6,2803.0572,14,2121.592,.72222,.54286,.86207,.59375,.73913,.77419,.8,.8,.4,.6,.66667,.53333,2,1794.95,1,3691.1,1,2364,1,3163.9,6,2216.2023,3,2116.5091,5,2537.176,6,1642.9423,8,2130.9957,5,2391.0178,567.5943,3.19210000000021,-113.8709,570.7864
YE06,54,1,1,2140.9221,.75652,25,1902.6187,25,2379.7196,9,1933.1909,12,2249.3787,15,2024.5688,14,2303.3796,.78125,.67568,.625,.74286,.875,.78125,1,.55556,.7,.58333,.82353,.73333,0, ,4,2251.7035,6,1723.8159,3,2287.2355,2,1941.05,2,3195.6,3,2396.6512,5,2204.5049,7,1735.6169,6,2154.2714,91.3779,316.1878,370.1887,407.5657
YE09,55,1,1,1949.8582,.89565,31,1722.8886,31,2176.845,11,2024.2003,17,1990.806,15,1776.6259,19,2003.5759,.91176,.91176,.95,.9,.84848,.90625,1,.83333,.88889,1,.92308,.83333,4,2002.4518,3,2286.1943,5,1624.9578,4,2406.5174,7,1601.0441,4,2327.405,2,2386.95,9,2093.8722,4,1796.8404,6,2255.9987,-247.5744,-33.3942999999999,-20.6243999999999,-280.9687
YE10,59,1,2,2034.6374,.92174,34,1982.6793,29,2097.5773,20,2016.6872,19,1812.6136,7,2330.2953,17,2182.5323,.91892,.85294,.96552,.93548,.85714,.91176,.92308,.85714,1,.93333,1,.73333,8,1855.9421,4,1881.5716,4,2043.0576,0, ,8,1773.9701,8,1751.6771,4,1996.6581,6,2252.2831,6,2266.8862,5,2121.8028,313.6081,-204.0736,165.8451,109.5345
YE11,56,1,2,2003.4627,.82609,30,2183.0749,26,1796.1368,11,1794.6796,18,2020.9942,20,1989.8725,7,2323.0123,.83333,.8125,.88,.89655,.81818,.71429,.83333,1,.83333,.875,.77778,.75,4,1855.6432,3,1607.8126,6,2327.2942,7,1899.336,3,2437.8084,5,1718.7108,3,2794.9148,2,1745.35,6,2225.068,8,1827.5082,195.1929,226.3146,528.3327,421.5075
YE15,56,1,2,1950.2659,.97391,36,1952.6822,32,1948.7517,20,1900.3607,19,1772.3272,10,1958.2898,19,2177.0048,.97297,.94118,.96552,.96774,1,.97059,1,.92857,.75,1,1,.93333,8,2042.6577,3,1929.1064,5,1831.6983,0, ,8,1670.8132,8,1770.174,5,2177.3254,7,2077.5782,6,1797.773,6,1868.3522,57.9291000000001,-128.0335,276.6441,-70.1043999999999
YE18,55,1,1,2256.7342,.91304,32,2220.7225,28,2299.242,11,2395.3551,16,2103.9903,16,2384.9692,17,2188.6257,1,.75676,.91667,.88571,.95833,.90625,1,1,.7,.66667,1,.86667,0, ,4,2249.2966,6,2419.7454,3,2001.0379,4,1583.5911,2,1668.55,5,2183.026,6,2315.4243,9,2254.078,8,2626.7245,-10.3859000000002,-291.3648,-206.7294,-301.750700000001
YE19,55,1,1,1994.2421,.85217,32,1892.8547,20,2159.5339,10,2038.3649,12,1905.2357,14,2204.7813,16,1851.5902,1,.54054,.875,.8,.875,.875,1,1,.5,.41667,1,.66667,0, ,3,2072.2069,6,2227.5635,2,1575.5,4,1568.0538,0, ,5,1772.4137,5,2043.3921,9,1839.1795,6,2369.9297,166.4164,-133.1292,-186.7747,33.2872
YE20,51,1,2,2440.7101,.81739,25,2481.6064,26,2405.2322,12,2492.7147,9,2591.6773,15,2287.5088,15,2467.7238,.78125,.7027,.95833,.65714,.91667,.8125,1,.77778,.9,.75,.70588,.53333,0, ,6,2230.1059,6,2310.5643,3,2187.7538,3,1989.6773,2,3246.4,4,2142.4071,7,2518.1319,7,2926.2869,3,2326.2138,-205.2059,98.9625999999998,-24.9908999999998,-106.2433
YE21,61,1,1,1643.5146,.92174,31,1697.1634,31,1589.1793,12,1569.4159,18,1525.6895,16,1556.3226,16,1919.0586,.96875,.83784,.95833,.97143,.91667,.84375,1,1,.9,.58333,.94118,1,0, ,5,1264.1726,6,1380.1003,4,1589.9498,4,1305.959,3,1593.7526,5,1929.7859,4,2323.8041,9,1876.0861,9,1453.24,-13.0933,-43.7264,349.6427,-56.8197
YE23,58,1,2,1927.8301,.95652,37,1598.7785,30,2333.7705,21,1687.0988,19,1947.1476,8,1954.1059,19,2161.2985,1,.88235,1,.96774,.85714,.97059,1,1,1,.93333,1,.8,8,1377.5979,4,2125.731,5,1358.4432,0, ,8,1541.1059,8,2117.4956,6,1830.8094,6,2217.9284,6,1528.3251,6,2416.7498,267.0071,260.0488,474.1997,527.0559
YE24,57,1,1,2377.8281,.86957,33,2428.401,25,2310.876,12,2444.7513,18,2312.4904,21,2464.4923,7,2168.7124,.91667,.78125,.88,.93103,.87879,.78571,1,.83333,.75,.75,.88889,.83333,5,2319.8953,4,2471.7599,7,2544.6261,5,2133.4193,3,2787.6199,4,2179.758,2,2065.55,2,2641.8,6,2543.1393,8,2141.7033,19.741,-132.2609,-276.0389,-112.5199
YE25,59,1,2,1408.7976,.92174,35,1335.9229,34,1485.686,21,1236.3601,12,1608.8523,21,1464.0589,15,1418.7722,1,1,.96875,1,.85294,.89286,1,1,1,1,1,1,7,1085.0719,7,1331.0133,7,1080.2285,7,1675.2318,2,1823.8,3,1323.9097,4,1557.9292,3,1201.196,7,1269.2221,7,1693.219,227.6988,372.4922,182.4121,600.191
YE26,56,1,1,1826.2057,.86957,31,1824.3589,30,1830.1022,10,1537.6139,16,2010.5308,16,1816.1006,19,1825.8943,.91176,.88235,.85,.83333,.87879,.90625,.88889,.91667,1,.92308,.92308,.75,3,1364.4041,3,1365.4284,5,1516.6443,5,2246.9374,8,2032.134,3,2017.7392,2,1902.35,9,1711.2546,4,1808.0373,5,1988.7679,278.4867,472.9169,288.2804,751.4036
YE27,56,1,2,2242.9714,.93913,27,2078.0894,35,2370.0032,16,2178.145,11,2254.8369,13,2506.5434,22,2131.7021,.93103,.89744,1,.83333,.96,.93939,1,1,.92308,.75,.84615,1,3,1675.5274,6,2314.2287,3,1743.0257,5,2723.212,5,2347.9225,2,2657.5,5,1941.6421,7,2412.8555,4,2131.5162,5,2153.677,328.3984,76.6918999999998,-46.4429,405.0903
YE29,54,1,2,2062.8281,.92174,29,2214.686,35,1936.952,12,2010.7374,18,2100.6275,15,2088.4269,19,2036.9808,.90625,.94595,.875,.97143,.83333,.96875,1,.88889,.9,.91667,.88235,1,0, ,6,1957.4206,6,2384.1832,3,1291.9889,4,2474.0007,3,1536.8162,4,1894.8529,8,2144.4826,8,2167.56,9,2042.6841,77.6895,89.8901000000001,26.2434000000001,167.5796
YE31,48,1,2,1965.343,.94783,35,1970.6243,34,1957.6819,20,1949.4415,20,1808.3575,10,2176.0124,19,2040.7613,.94595,1,.93103,1,.90476,.94118,1,.92857,1,1,.9,1,8,1782.8378,4,1522.7503,5,2155.7052,0, ,8,1813.6452,8,1600.674,5,2104.8543,7,1927.2267,5,2167.205,7,2366.275,226.5709,-141.084,91.3198,85.4869000000003
YE32,53,1,1,1208.8882,.76522,33,1130.3141,30,1294.0151,13,1085.278,18,1430.4578,23,1090.6501,9,1249.7498,.91667,.9375,.72,.75862,.84848,.71429,1,1,1,1,.83333,.83333,5,675.2541,4,614.8434,7,879.346,8,1217.3709,3,1773.1943,5,1445.6651,3,762.5732,3,1348.5718,6,1467.8345,8,1577.1437,5.37210000000005,345.1798,164.4718,350.5519
YE34,58,1,1,1514.7434,.98261,32,1310.0933,36,1697.135,13,1466.2505,18,1389.4924,17,1677.8418,20,1518.1943,1,.97297,.95833,.97143,1,1,1,1,1,1,1,.93333,0, ,6,1400.6388,6,1402.1061,4,2263.0481,4,1032.4192,4,1648.4708,5,1409.4287,8,1533.6793,9,1230.2236,8,1735.4347,211.5913,-76.7581,51.9438,134.8332
YE35,58,1,1,1809.8847,.95652,32,1856.6643,33,1762.8916,13,1613.0832,18,1853.9739,16,1889.7144,18,1836.1248,1,.89189,.95833,.97143,.95833,.9375,1,1,.9,.91667,1,.86667,0, ,6,1375.1384,6,1905.6958,3,1467.8684,4,1470.8184,4,1783.863,5,2011.2025,7,1861.8668,9,1817.0785,8,2093.5093,276.6312,240.8907,223.0416,517.5219
YE36,57,1,2,1917.0555,.94783,31,1937.3753,35,1894.7128,11,1851.3172,21,1838.7146,15,1808.8148,19,2120.0652,.93939,.92105,.91667,.96552,.96296,.94286,1,1,.92308,.9375,.86667,.875,5,1925.9162,2,1715.7,2,1622,10,1789.9418,7,1924.268,7,1741.2779,4,2132.5523,8,2237.1791,5,1989.978,5,1777.7546,-42.5023999999999,-12.6025999999999,268.748,-55.1049999999998
YE37,54,1,2,1954.2877,1,32,1958.5551,37,1951.6962,13,2001.0787,19,1808.5666,17,2057.7524,20,1976.4817,1,1,1,1,1,1,1,1,1,1,1,1,0, ,6,2084.11,6,2286.8182,4,1944.0513,4,1683.4375,4,2337.3595,5,1776.2973,8,2113.935,9,1896.1959,9,1627.5019,56.6736999999998,-192.5121,-24.597,-135.8384
ME01,82,2,1,1619.0409,.98261,32,1731.1509,37,1524.0087,13,1637.151,19,1502.7398,17,1766.5242,20,1593.0374,1,1,1,.94286,1,1,1,1,1,1,1,1,0, ,6,1423.9566,6,1317.3331,4,1768.2483,4,1566.6254,4,1308.12,5,1714.5557,8,1562.5146,9,1702.7496,9,1610.8393,129.3732,-134.4112,-44.1136000000001,-5.03800000000001
ME02,78,2,1,1042.6273,.92174,33,994.6426,38,1081.7604,13,917.5475,21,1221.2784,16,1049.5669,21,934.3561,1,1,.91667,.96552,.88889,.91429,1,1,1,1,1,1,5,780.2471,2,870.445,2,917.11,11,1068.653,7,832.9393,7,1029.8201,4,739.7464,9,865.9005,6,1438.102,6,1530.6927,132.0194,303.7309,16.8086,435.7503
ME03,78,2,1,1668.8338,.96522,36,1758.2066,34,1570.8605,20,1578.1755,20,1646.2782,10,1757.7889,20,1735.3003,.97297,1,.93103,.96774,1,.97059,1,1,1,1,.9,1,8,1517.6734,4,1312.0432,5,1413.5242,0, ,8,1953.3339,8,1248.1533,6,1791.0915,7,1634.3382,5,1609.3351,7,1921.0817,179.6134,68.1026999999999,157.1248,247.7161
ME04,76,2,1,1302.7647,.88696,38,1265.8431,29,1346.2393,19,1228.3859,11,1280.4575,24,1255.8217,13,1508.5316,.95,1,.93333,.84,.86486,.91304,1,.88889,1,1,.9375,1,7,1320.366,5,1225.2573,8,1016.3827,4,1137.9797,4,956.1177,2,1095.985,4,1599.4161,6,1582.6564,8,1344.8033,4,1306.7893,27.4358,52.0716,280.1457,79.5074
ME05,73,2,2,1884.881,.94783,36,1835.9788,29,1945.9684,18,2064.3739,17,1668.8109,15,1598.8292,15,2206.7028,.97297,.90625,1,.92593,.96154,.9,1,.90909,.875,.77778,1,1,6,1611.2549,3,3068.3845,6,1435.5759,4,1730.7644,4,1777.2001,5,1633.8341,6,2051.746,2,1474.6,7,1791.4353,9,1889.667,-465.5447,-395.563,142.3289,-861.1077
ME06,83,2,1,1398.1927,.95652,31,1467.8375,38,1339.7212,18,1243.1505,21,1397.1028,13,1246.3297,17,1673.4029,1,1,1,1,.95455,.875,1,1,1,1,1,1,2,1152.5,9,1152.4852,3,1248.3039,4,979.4988,4,1261.4406,9,1232.301,6,1528.463,5,1902.8276,6,1655.4635,8,1446.9976,3.17920000000004,153.9523,430.2524,157.1315
ME07,76,2,2,1569.024,1,32,1488.9319,37,1637.927,13,1569.2081,19,1607.7174,17,1506.621,20,1585.4979,1,1,1,1,1,1,1,1,1,1,1,1,0, ,6,1528.768,6,1306.9757,4,1592.9763,4,1438.534,4,1578.9393,5,1406.7041,8,1770.8226,9,1649.7075,9,1643.512,-62.5871,38.5092999999999,16.2898,-24.0778
ME08,77,2,1,1829.8891,.93043,32,1807.0991,34,1853.279,12,1794.988,20,1869.4111,15,1867.4352,19,1782.7884,.9697,.89474,.91667,.96552,.88889,.94286,1,.90909,.92308,.875,1,.875,5,2131.2341,2,1290.255,2,1291.155,10,1887.9718,7,1556.9594,6,1947.3357,3,1735.4751,8,1871.2661,6,2074.034,5,1745.2821,72.4471999999998,74.4231,-12.1996000000001,146.8703
ME09,80,2,2,2069.8672,.97391,37,2087.9374,33,2047.5158,21,1909.278,19,2149.2478,10,2373.2938,20,2011.1648,1,.97059,1,.96774,.95238,.97059,1,1,1,.93333,1,1,8,1605.5437,4,2003.0248,5,2385.2804,0, ,8,2091.6051,7,2179.3413,6,2254.3285,7,1799.8338,6,2157.3954,7,2170.4321,464.0158,239.9698,101.8868,703.9856
ME11,81,2,1,1485.1844,.95652,37,1415.4125,30,1571.1792,15,1480.221,18,1601.751,16,1358.49,18,1487.0661,1,.90909,.91429,1,.95833,.97059,1,1,.81818,1,1,.91667,6,1412.2779,5,1595.8077,7,1189.5714,4,1463.3637,4,1621.8532,1,1031.7,8,1453.3341,7,1492.386,7,1394.3234,9,1713.2058,-121.731,121.53,6.8451,-.201000000000022
ME12,78,2,2,1793.2242,.9913,30,1787.7875,39,1798.8748,22,1738.2478,13,1666.2849,21,1905.6425,13,1833.4948,1,.975,1,1,1,.95238,1,1,1,.9,1,1,5,1634.0857,7,1422.9645,3,2128.2503,7,1718.5904,5,1722.3954,5,1678.2239,4,1857.4612,4,1810.19,4,1404.9138,9,2140.4324,167.3947,-71.9629,95.2469999999998,95.4317999999998
ME13,80,2,2,1643.4105,.96522,35,1538.5252,30,1760.2071,22,1474.2697,12,1821.7847,14,1497.2459,17,1852.2777,.97222,.9375,.97436,1,.95652,.9375,1,1,1,.91667,.94737,.91667,5,1396.6023,5,1469.3559,4,1567.0514,3,1608.2186,3,1389.2285,4,2024.5777,4,1609.7277,7,2147.8147,11,1626.5442,6,1641.7383,22.9761999999998,347.515,378.008,370.4912
ME14,82,2,1,1488.2214,.97391,36,1496.6194,33,1477.5019,15,1376.9466,18,1393.5696,22,1638,14,1494.6528,1,1,.96429,.94118,1,1,1,1,1,1,1,1,3,1328.671,5,1094.1176,11,1572.7725,3,1680.1687,4,1541.1308,5,1334.7164,4,1240.5749,4,1719.7762,7,1345.3326,6,1563.5673,261.0534,16.623,117.7062,277.6764
ME15,79,2,1,1613.617,.93043,34,1579.6806,31,1649.381,13,1710.5379,22,1521.8051,12,1713.9339,18,1588.2885,.97143,.96875,.88889,1,.81818,.9697,1,1,1,1,.91667,.93333,4,1407.4879,5,1800.8741,5,1846.5119,4,1541.8785,10,1495.1833,3,1284.02,3,1650.0136,4,1383.4411,5,1588.9595,8,1795.6577,3.39599999999996,-188.7328,-122.2494,-185.3368
ME16,82,2,1,1628.4469,.95652,34,1663.2859,35,1594.4912,13,1589.5475,16,1486.7507,16,1670.193,24,1714.7189,1,1,.91667,.96429,.96429,.97143,1,1,1,1,1,1,4,1452.8026,5,1561.0535,6,1523.5435,5,1800.6087,2,1337.73,6,1377.8654,8,1769.5279,7,1614.0423,8,1702.3125,4,1556.2398,80.6455000000001,-102.7968,125.1714,-22.1512999999998
ME17,80,2,2,2344.9347,.95652,37,2239.3556,27,2489.5334,16,2025.9936,16,2350.2866,16,2290.9233,16,2717.1321,.925,.93103,.96429,.9375,.92593,1,.93333,1,1,.9,.84615,.9,8,2101.9325,5,1904.497,5,1980.5067,2,2543.35,5,2387.4617,5,2676.4951,7,2348.8613,4,2993.9339,6,2092.3388,1,1955.5,264.9297,324.293,691.1385,589.2227
ME18,83,2,1,1755.6315,.93043,26,1908.8404,36,1643.4781,12,1617.9065,18,1923.3668,13,1563.8469,19,1814.4243,.8125,.97297,.95833,.94286,.83333,.96875,.83333,.88889,.9,1,.76471,1,0, ,6,1266.8417,5,1560.3743,3,1374.0603,4,1750.6893,4,1675.6123,4,2396.6929,8,1768.6762,7,2022.9161,9,2064.6985,-54.0596,305.4603,196.5178,251.4007
ME19,76,2,1,1410.0257,.92174,36,1462.5552,32,1353.0176,21,1225.6023,19,1397.2381,9,1598.5142,19,1535.9084,.97297,.94118,.96552,.90323,.90476,.91176,1,1,1,1,.9,.86667,8,1038.9261,4,906.4795,5,1351.4838,0, ,8,1426.5983,8,1241.6361,6,1774.7497,7,1330.7663,6,1750.3751,6,1419.6893,372.9119,171.6358,310.3061,544.5477
ME20,74,2,1,1587.9062,.96522,32,1396.9751,34,1770.645,12,1522.9765,18,1526.6845,16,1619.2507,20,1653.3091,1,.91892,.95833,.97143,.95833,.96875,1,1,.9,.91667,1,.93333,0, ,6,1283.3906,6,1569.6448,3,2524.4728,4,964.2823,3,2644.079,5,1341.7231,8,1728.0718,9,1396.8333,8,1723.2599,96.2742000000001,3.70800000000008,130.3326,99.9822000000001
ME21,82,2,1,978.3858,.94783,33,910.1638,38,1039.2573,13,943.7843,21,1048.0807,16,974.9723,21,939.9672,1,1,.95833,.96552,.96296,.91429,1,1,1,1,1,1,5,746.4897,2,755.65,2,898.775,11,1018.5619,7,963.4005,7,1067.2411,4,816.0826,9,954.0215,6,949.5033,6,1090.4727,31.188,104.2964,-3.81709999999998,135.4844
ME24,75,2,1,1354.6444,.9913,37,1405.9554,34,1303.0075,21,1329.6137,20,1284.5189,10,1463.292,20,1402.8459,1,1,1,1,1,.97059,1,1,1,1,1,1,8,1213.0046,4,843.8044,5,1265.3277,0, ,8,1393.7308,8,1113.1397,6,1445.9523,7,1101.3943,6,1636.7875,7,1517.656,133.6783,-45.0948000000001,73.2321999999999,88.5834999999997
ME25,74,2,2,1534.0724,.96522,36,1557.9596,32,1510.2944,13,1597.645,20,1447.1154,24,1564.4268,11,1548.7678,1,1,1,.89655,.9697,1,1,1,1,1,1,1,5,1629.0714,4,1506.1976,7,1344.0649,8,1680.9194,3,1520.2649,5,1363.931,3,1238.0133,3,1203.5097,7,1562.62,9,1477.8699,-33.2182,-150.5296,-48.8771999999999,-183.7478
ME26,74,2,2,2027.3231,.93913,34,1874.7331,28,2207.7677,19,1965.1668,10,2096.2304,19,1936.019,14,2181.0927,.97143,.82353,.9375,.90476,.94118,.96429,1,.83333,.71429,1,1,.84615,7,2041.8033,5,2251.1687,7,1837.9096,5,2456.603,2,1765.55,3,2624.3041,3,2344.3366,3,2132.8229,7,1719.4959,5,1838.6892,-29.1478,131.0636,215.9259,101.9158
ME27,72,2,1,1481.9615,.97391,34,1468.7022,33,1500.9957,11,1515.3197,19,1488.7708,16,1347.0451,21,1566.9763,1,.97059,1,.96667,.9697,.96875,1,1,.88889,1,1,1,4,1295.5153,3,1911.2145,5,1270.5819,4,1352.9878,8,1382.9589,4,1506.9538,3,1642.6165,9,1554.1688,4,1609.2179,7,1494.4712,-168.2746,-26.5489,51.6566,-194.8235
ME28,77,2,2,1344.6728,.9913,29,1452.1525,39,1263.6871,16,1328.7542,15,1497.4468,14,1223.1647,23,1330.0997,1,1,1,.95833,1,1,1,1,1,1,1,1,3,1305.3381,6,1113.7203,3,1130.3979,6,1013.8714,5,1695.4638,5,1400.0194,5,1343.7329,7,1132.0571,5,1521.9254,5,1318.6096,-105.5895,168.6926,1.3454999999999,63.1030999999998
ME29,78,2,1,1625.419,1,35,1487.6743,34,1765.0428,20,1590.1618,16,1563.5538,17,1680.2769,16,1659.7194,1,1,1,1,1,1,1,1,1,1,1,1,5,1199.1961,9,1820.831,7,1486.7869,1,1790.6,6,1364.2441,6,1754.0657,2,1459.9,6,1707.8007,7,1494.6655,3,1781.9779,90.1151,-26.6080000000002,69.5575999999999,63.5070999999998
AE01,352,3,1,1298.5064,.86957,29,1230.4136,26,1373.758,12,1421.2506,15,1088.4443,15,1512.1561,13,1183.5784,.90625,.7027,.95833,.85714,.91667,.78125,1,.88889,.9,.5,.88235,.73333,0, ,5,1242.9221,6,1504.1933,4,1695.5842,4,1018.8233,3,1015.0567,4,1166.7441,3,954.9539,9,1156.1813,6,1618.2334,90.9054999999998,-332.8063,-237.6722,-241.9008
AE02,257,3,1,985.4244,.97391,33,870.4336,38,1084.4103,13,949.0062,21,926.2735,16,1111.8461,21,967.8379,1,1,1,.93103,.96296,1,1,1,1,1,1,1,5,726.0324,2,1008.62,2,1184.94,11,1117.5021,7,902.3422,7,848.9974,4,707.3326,9,1237.1476,6,1002.1486,6,1033.9375,162.8399,-22.7327,18.8317,140.1072
AE03,237,3,2,1042.8125,.88696,34,963.9414,30,1131.0223,20,1023.729,18,896.8363,8,1037.8299,18,1210.7564,.91892,.88235,.93103,.87097,.85714,.88235,.92308,1,1,.86667,.8,.86667,8,972.7979,4,812.5867,4,661.9808,0, ,8,827.2246,7,835.5418,6,1137.9566,6,1609.0284,5,1141.2058,6,1236.3587,14.1008999999999,-126.8927,187.0274,-112.7918
AE04,227,3,1,934.4098,.96522,32,944.0006,36,926.0951,13,819.7695,19,926.225,17,992.9856,19,968.9587,1,.97297,.91667,1,1,.9375,1,1,1,.91667,1,1,0, ,6,728.3594,6,1021.8241,4,920.8707,4,892.314,4,844.1636,5,914.4147,7,915.6657,9,885.8816,9,995.3243,173.2161,106.4555,149.1892,279.6716
AE05,224,3,2,683.6433,1,32,691.2496,37,677.0333,13,634.9406,19,667.1429,17,689.2937,20,725.4315,1,1,1,1,1,1,1,1,1,1,1,1,0, ,6,585.5571,6,706.3779,4,698.566,4,657.7153,4,626.3069,5,750.8122,8,783.4059,9,693.254,9,671.4958,54.3530999999999,32.2023,90.4909,86.5554
AE06,266,3,2,936.2954,.98261,32,909.8191,37,959.4161,13,913.1782,19,903.095,17,921.2587,20,994.5928,1,1,1,1,1,.9375,1,1,1,1,1,1,0, ,6,1004.0186,6,925.1534,4,945.8728,4,842.6144,4,870.7633,5,1004.6419,8,1137.6285,9,910.8708,9,888.5191,8.08050000000003,-10.0831999999999,81.4146000000001,-2.00269999999989
AE07,439,3,2,1138.2217,1,33,1077.5143,38,1191.4743,13,1087.9331,21,1130.7208,16,1209.0823,21,1121.9417,1,1,1,1,1,1,1,1,1,1,1,1,5,974.2439,2,1144.6,2,1062.22,11,1250.249,7,990.0722,7,1259.4107,4,938.7669,9,1196.3969,6,1192.4167,6,1099.0144,121.1492,42.7877000000001,34.0086000000001,163.9369
AE08,359,3,2,1379.9815,1,37,1185.64,34,1591.0313,21,1273.8867,20,1380.4447,10,1400.6979,20,1480.4474,1,1,1,1,1,1,1,1,1,1,1,1,8,977.1671,4,1568.1738,5,1075.104,0, ,8,1151.5697,8,1557.2832,6,1442.3149,7,1519.4188,6,1248.3818,7,1573.8192,126.8112,106.558,206.5607,233.3692
AE09,261,3,1,1006.0105,1,36,1058.1419,32,946.485,13,964.5998,20,923.545,24,1082.0038,11,1027.6746,1,1,1,1,1,1,1,1,1,1,1,1,5,961.7681,4,906.9199,7,1231.5621,8,962.8616,3,962.5123,5,753.077,3,892.7131,3,1164.8613,7,1014.3087,9,983.2752,117.404,-41.0548,63.0748000000001,76.3492
AE10,474,3,1,755.4102,.98261,35,789.9761,34,718.2236,21,657.0337,12,777.0609,21,812.5874,15,794.0234,1,1,.96875,1,.97059,1,1,1,1,1,1,1,7,685.1749,7,576.7269,7,742.6647,7,689.9932,2,676.35,3,691.4655,4,852.4793,3,601.2977,7,735.8952,7,816.3424,155.5537,120.0272,136.9897,275.5809
AE11,347,3,2,1090.9602,1,34,1034.9634,34,1147.5193,11,1067.7596,19,1137.4086,17,1062.7287,21,1081.7642,1,1,1,1,1,1,1,1,1,1,1,1,4,1025.7156,3,1159.1142,5,1012.0286,5,1082.4578,8,1056.0709,4,1136.6259,3,1207.1079,9,1077.9492,4,886.9682,7,1328.2474,-5.0309000000002,69.6489999999999,14.0046,64.6180999999997
AE12,434,3,2,1497.292,.97391,28,1387.9471,38,1577.6325,16,1300.2727,14,1651.8813,13,1405.2613,23,1595.6753,.96552,.97436,1,.95833,.96,.9697,1,.9,.92308,1,1,1,3,1264.6695,6,1071.0297,3,1042.008,5,1539.3975,4,1552.0852,5,1870.911,5,1598.5225,7,1678.1967,5,1383.8955,5,1472.6741,104.9886,351.6086,295.4026,456.5972
AE13,241,3,2,905.7525,1,35,856.2451,34,958.6288,20,887.4215,16,910.6756,17,874.7173,16,959.3537,1,1,1,1,1,1,1,1,1,1,1,1,5,682.7126,9,938.6921,7,852.986,1,837.58,6,914.933,6,885.8005,2,986.75,6,1053.8825,7,945.9331,3,1010.6007,-12.7042,23.2541,71.9322,10.5499
AE14,444,3,1,974.7902,.9913,34,955.293,34,993.2932,15,955.6408,24,959.9634,9,993.2303,20,995.6354,1,1,1,.97222,1,1,1,1,1,1,1,1,8,923.5795,1,969.15,2,851.38,2,1051.7,6,938.0114,10,950.3462,6,957.4125,6,1047.7776,7,992.2198,7,993.8576,37.5895,4.32259999999997,39.9946,41.9121
AE15,343,3,2,931.0515,.9913,32,969.2804,37,899.1417,13,989.8993,19,1055.3008,17,882.9559,20,818.2246,1,1,1,1,1,.96875,1,1,1,1,1,1,0, ,6,945.2406,6,808.3419,4,731.6807,4,1268.4501,4,910.8157,5,851.9599,8,827.1862,9,1012.6509,9,1046.6109,-106.9434,65.4014999999999,-171.6747,-41.5419000000001
AE16,292,3,1,1205.0768,.9913,33,1130.6756,37,1270.5657,13,1258.2734,20,1252.9143,16,1179.0229,21,1145.5351,1,.97368,1,.96552,1,1,1,1,1,.9375,1,1,5,995.4123,2,2130.9,2,1016.315,11,1181.4707,7,1189.7737,6,1396.2879,4,907.4539,9,1147.4387,6,1159.2203,6,1238.0538,-79.2505000000001,-5.35910000000013,-112.7383,-84.6096000000002
AE17,265,3,1,809.4759,.98261,37,789.3531,34,829.5041,21,751.1736,20,794.618,10,815.0706,20,881.4415,1,1,1,1,.95238,.97059,1,1,1,1,1,1,8,646.4215,4,709.6785,5,650.3274,0, ,8,793.2653,8,676.0663,6,891.3851,7,788.155,6,1002.5566,7,841.645,63.897,43.4444000000001,130.2679,107.3414
AE18,599,3,1,996.2363,.96522,32,995.7299,37,995.9358,13,995.945,19,986.1997,17,973.2882,20,1022.8659,1,1,1,1,.91667,.9375,1,1,1,1,1,1,0, ,6,975.5203,6,961.4435,4,987.0793,4,938.0785,4,1039.6498,5,1072.8498,8,1008.2472,9,1014.4807,9,978.5373,-22.6568000000001,-9.74530000000004,26.9209,-32.4021000000001
AE19,251,3,1,953.2837,.97391,33,791.8268,38,1093.4848,13,781.8367,21,993.442,16,987.2948,21,995.9496,1,1,1,.96552,.96296,.97143,1,1,1,1,1,1,5,634.4551,2,990.19,2,887.855,11,1009.6313,7,937.1028,7,1232.0137,4,688.3928,9,1319.1825,6,781.0881,6,846.7003,205.4581,211.6053,214.1129,417.0634
AE20,300,3,2,1094.6718,.98261,37,1010.7748,34,1185.5624,21,1025.4498,20,1012.5996,10,1169.1158,20,1211.345,1,1,1,1,.90476,1,1,1,1,1,1,1,8,996.8407,4,910.6463,5,916.3952,0, ,8,957.2455,8,922.5061,6,927.3968,7,1345.3049,6,1055.4814,7,1263.5511,143.666,-12.8502000000001,185.8952,130.8158
AE21,416,3,1,1086.3182,1,36,1090.0644,32,1081.8734,13,1018.9983,20,1175.7702,24,1054.9513,11,1072.2136,1,1,1,1,1,1,1,1,1,1,1,1,5,1016.004,4,1009.5738,7,1013.8432,8,1130.6934,3,1077.8218,5,1296.3445,3,1008.3324,3,944.1354,7,1328.0717,9,958.4168,35.953,156.7719,53.2153000000001,192.7249
AE22,232,3,2,1082.8726,1,35,1122.5961,34,1041.5538,21,1064.825,12,1124.0686,21,1036.8417,15,1145.323,1,1,1,1,1,1,1,1,1,1,1,1,7,1116.2995,7,1014.4044,7,1003.7652,7,957.2495,2,934.415,3,1004.357,4,1391.9142,3,975.2918,7,1097.9263,7,1187.5802,-27.9833000000001,59.2436,80.498,31.2602999999999
AE23,340,3,1,833.3331,.9913,34,760.4078,33,906.9452,11,820.2216,18,790.8546,17,868.9102,21,844.7953,1,.97059,1,.96667,1,1,1,1,1,1,1,.91667,4,688.4315,3,924.4051,5,680.0574,5,1142.3163,8,717.8231,4,926.3592,3,1019.5609,9,796.5898,4,870.1628,6,793.4706,48.6886000000001,-29.367,24.5737,19.3216000000001
AE24,227,3,1,849.6065,.98261,29,874.7015,39,830.5888,16,887.3422,15,832.2188,14,756.3989,23,891.9919,1,1,.9697,.95833,1,1,1,1,1,1,1,1,3,965.3567,6,759.2878,3,793.3728,6,681.7041,5,896.4057,5,758.4585,5,785.9069,7,791.8921,5,888.01,5,1035.673,-130.9433,-55.1234000000001,4.64969999999994,-186.0667
