ID,Month,age,gender,overallRT,overallAccu,visNo,visRT,audNo,audRT,mrtrNo,mrtrRT,cmtrNo,cmtrRT,mrtsNo,mrtsRT,cmtsNo,cmtsRT,visAccu,audAccu,mrtrAccu,cmtrAccu,mrtsAccu,cmtsAccu,v2vAccu,a2vAccu,a2aAccu,v2aAccu,VSingleAccu,ASingleAccu,mrtrVNo,mrtrV,mrtrANo,mrtrA,mrtsVNo,mrtsV,mrtsANo,mrtsA,cmtrVNo,cmtrV,cmtrANo,cmtrA,cmtsVNo,cmtsV,cmtsANo,cmtsA,trVsingleNo,trVsingleRT,trAsingleNo,trAsingleRT
AE01,352,A,m,1298.5064,0.86957,29,1230.4136,26,1373.758,12,1421.2506,15,1088.4443,15,1512.1561,13,1183.5784,0.90625,0.7027,0.95833,0.85714,0.91667,0.78125,1,0.88889,0.9,0.5,0.88235,0.73333,0,,5,1242.9221,6,1504.1933,4,1695.5842,4,1018.8233,3,1015.0567,4,1166.7441,3,954.9539,9,1156.1813,6,1618.2334
AE02,257,A,m,985.4244,0.97391,33,870.4336,38,1084.4103,13,949.0062,21,926.2735,16,1111.8461,21,967.8379,1,1,1,0.93103,0.96296,1,1,1,1,1,1,1,5,726.0324,2,1008.62,2,1184.94,11,1117.5021,7,902.3422,7,848.9974,4,707.3326,9,1237.1476,6,1002.1486,6,1033.9375
AE03,237,A,f,1042.8125,0.88696,34,963.9414,30,1131.0223,20,1023.729,18,896.8363,8,1037.8299,18,1210.7564,0.91892,0.88235,0.93103,0.87097,0.85714,0.88235,0.92308,1,1,0.86667,0.8,0.86667,8,972.7979,4,812.5867,4,661.9808,0,,8,827.2246,7,835.5418,6,1137.9566,6,1609.0284,5,1141.2058,6,1236.3587
AE04,227,A,m,934.4098,0.96522,32,944.0006,36,926.0951,13,819.7695,19,926.225,17,992.9856,19,968.9587,1,0.97297,0.91667,1,1,0.9375,1,1,1,0.91667,1,1,0,,6,728.3594,6,1021.8241,4,920.8707,4,892.314,4,844.1636,5,914.4147,7,915.6657,9,885.8816,9,995.3243
AE05,224,A,f,683.6433,1,32,691.2496,37,677.0333,13,634.9406,19,667.1429,17,689.2937,20,725.4315,1,1,1,1,1,1,1,1,1,1,1,1,0,,6,585.5571,6,706.3779,4,698.566,4,657.7153,4,626.3069,5,750.8122,8,783.4059,9,693.254,9,671.4958
AE06,266,A,f,936.2954,0.98261,32,909.8191,37,959.4161,13,913.1782,19,903.095,17,921.2587,20,994.5928,1,1,1,1,1,0.9375,1,1,1,1,1,1,0,,6,1004.0186,6,925.1534,4,945.8728,4,842.6144,4,870.7633,5,1004.6419,8,1137.6285,9,910.8708,9,888.5191
AE07,439,A,f,1138.2217,1,33,1077.5143,38,1191.4743,13,1087.9331,21,1130.7208,16,1209.0823,21,1121.9417,1,1,1,1,1,1,1,1,1,1,1,1,5,974.2439,2,1144.6,2,1062.22,11,1250.249,7,990.0722,7,1259.4107,4,938.7669,9,1196.3969,6,1192.4167,6,1099.0144
AE08,359,A,f,1379.9815,1,37,1185.64,34,1591.0313,21,1273.8867,20,1380.4447,10,1400.6979,20,1480.4474,1,1,1,1,1,1,1,1,1,1,1,1,8,977.1671,4,1568.1738,5,1075.104,0,,8,1151.5697,8,1557.2832,6,1442.3149,7,1519.4188,6,1248.3818,7,1573.8192
AE09,261,A,m,1006.0105,1,36,1058.1419,32,946.485,13,964.5998,20,923.545,24,1082.0038,11,1027.6746,1,1,1,1,1,1,1,1,1,1,1,1,5,961.7681,4,906.9199,7,1231.5621,8,962.8616,3,962.5123,5,753.077,3,892.7131,3,1164.8613,7,1014.3087,9,983.2752
AE10,474,A,m,755.4102,0.98261,35,789.9761,34,718.2236,21,657.0337,12,777.0609,21,812.5874,15,794.0234,1,1,0.96875,1,0.97059,1,1,1,1,1,1,1,7,685.1749,7,576.7269,7,742.6647,7,689.9932,2,676.35,3,691.4655,4,852.4793,3,601.2977,7,735.8952,7,816.3424
AE11,347,A,f,1090.9602,1,34,1034.9634,34,1147.5193,11,1067.7596,19,1137.4086,17,1062.7287,21,1081.7642,1,1,1,1,1,1,1,1,1,1,1,1,4,1025.7156,3,1159.1142,5,1012.0286,5,1082.4578,8,1056.0709,4,1136.6259,3,1207.1079,9,1077.9492,4,886.9682,7,1328.2474
AE12,434,A,f,1497.292,0.97391,28,1387.9471,38,1577.6325,16,1300.2727,14,1651.8813,13,1405.2613,23,1595.6753,0.96552,0.97436,1,0.95833,0.96,0.9697,1,0.9,0.92308,1,1,1,3,1264.6695,6,1071.0297,3,1042.008,5,1539.3975,4,1552.0852,5,1870.911,5,1598.5225,7,1678.1967,5,1383.8955,5,1472.6741
AE13,241,A,f,905.7525,1,35,856.2451,34,958.6288,20,887.4215,16,910.6756,17,874.7173,16,959.3537,1,1,1,1,1,1,1,1,1,1,1,1,5,682.7126,9,938.6921,7,852.986,1,837.58,6,914.933,6,885.8005,2,986.75,6,1053.8825,7,945.9331,3,1010.6007
AE14,444,A,m,974.7902,0.9913,34,955.293,34,993.2932,15,955.6408,24,959.9634,9,993.2303,20,995.6354,1,1,1,0.97222,1,1,1,1,1,1,1,1,8,923.5795,1,969.15,2,851.38,2,1051.7,6,938.0114,10,950.3462,6,957.4125,6,1047.7776,7,992.2198,7,993.8576
AE15,343,A,f,931.0515,0.9913,32,969.2804,37,899.1417,13,989.8993,19,1055.3008,17,882.9559,20,818.2246,1,1,1,1,1,0.96875,1,1,1,1,1,1,0,,6,945.2406,6,808.3419,4,731.6807,4,1268.4501,4,910.8157,5,851.9599,8,827.1862,9,1012.6509,9,1046.6109
AE16,292,A,m,1205.0768,0.9913,33,1130.6756,37,1270.5657,13,1258.2734,20,1252.9143,16,1179.0229,21,1145.5351,1,0.97368,1,0.96552,1,1,1,1,1,0.9375,1,1,5,995.4123,2,2130.9,2,1016.315,11,1181.4707,7,1189.7737,6,1396.2879,4,907.4539,9,1147.4387,6,1159.2203,6,1238.0538
AE17,265,A,m,809.4759,0.98261,37,789.3531,34,829.5041,21,751.1736,20,794.618,10,815.0706,20,881.4415,1,1,1,1,0.95238,0.97059,1,1,1,1,1,1,8,646.4215,4,709.6785,5,650.3274,0,,8,793.2653,8,676.0663,6,891.3851,7,788.155,6,1002.5566,7,841.645
AE18,599,A,m,996.2363,0.96522,32,995.7299,37,995.9358,13,995.945,19,986.1997,17,973.2882,20,1022.8659,1,1,1,1,0.91667,0.9375,1,1,1,1,1,1,0,,6,975.5203,6,961.4435,4,987.0793,4,938.0785,4,1039.6498,5,1072.8498,8,1008.2472,9,1014.4807,9,978.5373
AE19,251,A,m,953.2837,0.97391,33,791.8268,38,1093.4848,13,781.8367,21,993.442,16,987.2948,21,995.9496,1,1,1,0.96552,0.96296,0.97143,1,1,1,1,1,1,5,634.4551,2,990.19,2,887.855,11,1009.6313,7,937.1028,7,1232.0137,4,688.3928,9,1319.1825,6,781.0881,6,846.7003
AE20,300,A,f,1094.6718,0.98261,37,1010.7748,34,1185.5624,21,1025.4498,20,1012.5996,10,1169.1158,20,1211.345,1,1,1,1,0.90476,1,1,1,1,1,1,1,8,996.8407,4,910.6463,5,916.3952,0,,8,957.2455,8,922.5061,6,927.3968,7,1345.3049,6,1055.4814,7,1263.5511
AE21,416,A,m,1086.3182,1,36,1090.0644,32,1081.8734,13,1018.9983,20,1175.7702,24,1054.9513,11,1072.2136,1,1,1,1,1,1,1,1,1,1,1,1,5,1016.004,4,1009.5738,7,1013.8432,8,1130.6934,3,1077.8218,5,1296.3445,3,1008.3324,3,944.1354,7,1328.0717,9,958.4168
AE22,232,A,f,1082.8726,1,35,1122.5961,34,1041.5538,21,1064.825,12,1124.0686,21,1036.8417,15,1145.323,1,1,1,1,1,1,1,1,1,1,1,1,7,1116.2995,7,1014.4044,7,1003.7652,7,957.2495,2,934.415,3,1004.357,4,1391.9142,3,975.2918,7,1097.9263,7,1187.5802
AE23,340,A,m,833.3331,0.9913,34,760.4078,33,906.9452,11,820.2216,18,790.8546,17,868.9102,21,844.7953,1,0.97059,1,0.96667,1,1,1,1,1,1,1,0.91667,4,688.4315,3,924.4051,5,680.0574,5,1142.3163,8,717.8231,4,926.3592,3,1019.5609,9,796.5898,4,870.1628,6,793.4706
AE24,227,A,m,849.6065,0.98261,29,874.7015,39,830.5888,16,887.3422,15,832.2188,14,756.3989,23,891.9919,1,1,0.9697,0.95833,1,1,1,1,1,1,1,1,3,965.3567,6,759.2878,3,793.3728,6,681.7041,5,896.4057,5,758.4585,5,785.9069,7,791.8921,5,888.01,5,1035.673
ME01,82,6,M,1619.0409,0.98261,32,1731.1509,37,1524.0087,13,1637.151,19,1502.7398,17,1766.5242,20,1593.0374,1,1,1,0.94286,1,1,1,1,1,1,1,1,0,,6,1423.9566,6,1317.3331,4,1768.2483,4,1566.6254,4,1308.12,5,1714.5557,8,1562.5146,9,1702.7496,9,1610.8393
ME02,78,6,M,1042.6273,0.92174,33,994.6426,38,1081.7604,13,917.5475,21,1221.2784,16,1049.5669,21,934.3561,1,1,0.91667,0.96552,0.88889,0.91429,1,1,1,1,1,1,5,780.2471,2,870.445,2,917.11,11,1068.653,7,832.9393,7,1029.8201,4,739.7464,9,865.9005,6,1438.102,6,1530.6927
ME03,78,6,M,1668.8338,0.96522,36,1758.2066,34,1570.8605,20,1578.1755,20,1646.2782,10,1757.7889,20,1735.3003,0.97297,1,0.93103,0.96774,1,0.97059,1,1,1,1,0.9,1,8,1517.6734,4,1312.0432,5,1413.5242,0,,8,1953.3339,8,1248.1533,6,1791.0915,7,1634.3382,5,1609.3351,7,1921.0817
ME04,76,6,M,1302.7647,0.88696,38,1265.8431,29,1346.2393,19,1228.3859,11,1280.4575,24,1255.8217,13,1508.5316,0.95,1,0.93333,0.84,0.86486,0.91304,1,0.88889,1,1,0.9375,1,7,1320.366,5,1225.2573,8,1016.3827,4,1137.9797,4,956.1177,2,1095.985,4,1599.4161,6,1582.6564,8,1344.8033,4,1306.7893
ME05,73,6,F,1884.881,0.94783,36,1835.9788,29,1945.9684,18,2064.3739,17,1668.8109,15,1598.8292,15,2206.7028,0.97297,0.90625,1,0.92593,0.96154,0.9,1,0.90909,0.875,0.77778,1,1,6,1611.2549,3,3068.3845,6,1435.5759,4,1730.7644,4,1777.2001,5,1633.8341,6,2051.746,2,1474.6,7,1791.4353,9,1889.667
ME06,83,6,M,1398.1927,0.95652,31,1467.8375,38,1339.7212,18,1243.1505,21,1397.1028,13,1246.3297,17,1673.4029,1,1,1,1,0.95455,0.875,1,1,1,1,1,1,2,1152.5,9,1152.4852,3,1248.3039,4,979.4988,4,1261.4406,9,1232.301,6,1528.463,5,1902.8276,6,1655.4635,8,1446.9976
ME07,76,6,F,1569.024,1,32,1488.9319,37,1637.927,13,1569.2081,19,1607.7174,17,1506.621,20,1585.4979,1,1,1,1,1,1,1,1,1,1,1,1,0,,6,1528.768,6,1306.9757,4,1592.9763,4,1438.534,4,1578.9393,5,1406.7041,8,1770.8226,9,1649.7075,9,1643.512
ME08,77,6,M,1829.8891,0.93043,32,1807.0991,34,1853.279,12,1794.988,20,1869.4111,15,1867.4352,19,1782.7884,0.9697,0.89474,0.91667,0.96552,0.88889,0.94286,1,0.90909,0.92308,0.875,1,0.875,5,2131.2341,2,1290.255,2,1291.155,10,1887.9718,7,1556.9594,6,1947.3357,3,1735.4751,8,1871.2661,6,2074.034,5,1745.2821
ME09,80,6,F,2069.8672,0.97391,37,2087.9374,33,2047.5158,21,1909.278,19,2149.2478,10,2373.2938,20,2011.1648,1,0.97059,1,0.96774,0.95238,0.97059,1,1,1,0.93333,1,1,8,1605.5437,4,2003.0248,5,2385.2804,0,,8,2091.6051,7,2179.3413,6,2254.3285,7,1799.8338,6,2157.3954,7,2170.4321
ME11,81,6,M,1485.1844,0.95652,37,1415.4125,30,1571.1792,15,1480.221,18,1601.751,16,1358.49,18,1487.0661,1,0.90909,0.91429,1,0.95833,0.97059,1,1,0.81818,1,1,0.91667,6,1412.2779,5,1595.8077,7,1189.5714,4,1463.3637,4,1621.8532,1,1031.7,8,1453.3341,7,1492.386,7,1394.3234,9,1713.2058
ME12,78,6,F,1793.2242,0.9913,30,1787.7875,39,1798.8748,22,1738.2478,13,1666.2849,21,1905.6425,13,1833.4948,1,0.975,1,1,1,0.95238,1,1,1,0.9,1,1,5,1634.0857,7,1422.9645,3,2128.2503,7,1718.5904,5,1722.3954,5,1678.2239,4,1857.4612,4,1810.19,4,1404.9138,9,2140.4324
ME13,80,6,f,1643.4105,0.96522,35,1538.5252,30,1760.2071,22,1474.2697,12,1821.7847,14,1497.2459,17,1852.2777,0.97222,0.9375,0.97436,1,0.95652,0.9375,1,1,1,0.91667,0.94737,0.91667,5,1396.6023,5,1469.3559,4,1567.0514,3,1608.2186,3,1389.2285,4,2024.5777,4,1609.7277,7,2147.8147,11,1626.5442,6,1641.7383
ME14,82,6,M,1488.2214,0.97391,36,1496.6194,33,1477.5019,15,1376.9466,18,1393.5696,22,1638,14,1494.6528,1,1,0.96429,0.94118,1,1,1,1,1,1,1,1,3,1328.671,5,1094.1176,11,1572.7725,3,1680.1687,4,1541.1308,5,1334.7164,4,1240.5749,4,1719.7762,7,1345.3326,6,1563.5673
ME15,79,6,m,1613.617,0.93043,34,1579.6806,31,1649.381,13,1710.5379,22,1521.8051,12,1713.9339,18,1588.2885,0.97143,0.96875,0.88889,1,0.81818,0.9697,1,1,1,1,0.91667,0.93333,4,1407.4879,5,1800.8741,5,1846.5119,4,1541.8785,10,1495.1833,3,1284.02,3,1650.0136,4,1383.4411,5,1588.9595,8,1795.6577
ME16,82,6,M,1628.4469,0.95652,34,1663.2859,35,1594.4912,13,1589.5475,16,1486.7507,16,1670.193,24,1714.7189,1,1,0.91667,0.96429,0.96429,0.97143,1,1,1,1,1,1,4,1452.8026,5,1561.0535,6,1523.5435,5,1800.6087,2,1337.73,6,1377.8654,8,1769.5279,7,1614.0423,8,1702.3125,4,1556.2398
ME17,80,6,F,2344.9347,0.95652,37,2239.3556,27,2489.5334,16,2025.9936,16,2350.2866,16,2290.9233,16,2717.1321,0.925,0.93103,0.96429,0.9375,0.92593,1,0.93333,1,1,0.9,0.84615,0.9,8,2101.9325,5,1904.497,5,1980.5067,2,2543.35,5,2387.4617,5,2676.4951,7,2348.8613,4,2993.9339,6,2092.3388,1,1955.5
ME18,83,6,M,1755.6315,0.93043,26,1908.8404,36,1643.4781,12,1617.9065,18,1923.3668,13,1563.8469,19,1814.4243,0.8125,0.97297,0.95833,0.94286,0.83333,0.96875,0.83333,0.88889,0.9,1,0.76471,1,0,,6,1266.8417,5,1560.3743,3,1374.0603,4,1750.6893,4,1675.6123,4,2396.6929,8,1768.6762,7,2022.9161,9,2064.6985
ME19,76,6,M,1410.0257,0.92174,36,1462.5552,32,1353.0176,21,1225.6023,19,1397.2381,9,1598.5142,19,1535.9084,0.97297,0.94118,0.96552,0.90323,0.90476,0.91176,1,1,1,1,0.9,0.86667,8,1038.9261,4,906.4795,5,1351.4838,0,,8,1426.5983,8,1241.6361,6,1774.7497,7,1330.7663,6,1750.3751,6,1419.6893
ME20,74,6,M,1587.9062,0.96522,32,1396.9751,34,1770.645,12,1522.9765,18,1526.6845,16,1619.2507,20,1653.3091,1,0.91892,0.95833,0.97143,0.95833,0.96875,1,1,0.9,0.91667,1,0.93333,0,,6,1283.3906,6,1569.6448,3,2524.4728,4,964.2823,3,2644.079,5,1341.7231,8,1728.0718,9,1396.8333,8,1723.2599
ME21,82,6,M,978.3858,0.94783,33,910.1638,38,1039.2573,13,943.7843,21,1048.0807,16,974.9723,21,939.9672,1,1,0.95833,0.96552,0.96296,0.91429,1,1,1,1,1,1,5,746.4897,2,755.65,2,898.775,11,1018.5619,7,963.4005,7,1067.2411,4,816.0826,9,954.0215,6,949.5033,6,1090.4727
ME22,72,6,F,1012.1276,0.52174,0,,35,1010.2166,8,753.7758,10,1150.7131,5,736.1038,12,1182.0768,0,0.94595,0.54167,0.45714,0.375,0.6875,0,0,0.9,1,0,0.93333,0,,6,725.5604,0,,3,781.8309,0,,4,868.5216,0,,8,1201.4692,0,,8,1205.1343
ME23,73,6,M,1587.1635,0.45217,28,1586.6056,0,,6,1569.2272,9,1805.7352,4,1402.7918,9,1457.6457,0.84848,0,0.5,0.41379,0.40741,0.48571,1,0.90909,0,0,0.73333,0,5,1735.8571,0,,2,1542.2,0,,6,1918.1729,0,,4,1659.2459,0,,4,1385.9395,0,
ME24,75,6,M,1354.6444,0.9913,37,1405.9554,34,1303.0075,21,1329.6137,20,1284.5189,10,1463.292,20,1402.8459,1,1,1,1,1,0.97059,1,1,1,1,1,1,8,1213.0046,4,843.8044,5,1265.3277,0,,8,1393.7308,8,1113.1397,6,1445.9523,7,1101.3943,6,1636.7875,7,1517.656
ME25,74,6,F,1534.0724,0.96522,36,1557.9596,32,1510.2944,13,1597.645,20,1447.1154,24,1564.4268,11,1548.7678,1,1,1,0.89655,0.9697,1,1,1,1,1,1,1,5,1629.0714,4,1506.1976,7,1344.0649,8,1680.9194,3,1520.2649,5,1363.931,3,1238.0133,3,1203.5097,7,1562.62,9,1477.8699
ME26,74,6,F,2027.3231,0.93913,34,1874.7331,28,2207.7677,19,1965.1668,10,2096.2304,19,1936.019,14,2181.0927,0.97143,0.82353,0.9375,0.90476,0.94118,0.96429,1,0.83333,0.71429,1,1,0.84615,7,2041.8033,5,2251.1687,7,1837.9096,5,2456.603,2,1765.55,3,2624.3041,3,2344.3366,3,2132.8229,7,1719.4959,5,1838.6892
ME27,72,6,M,1481.9615,0.97391,34,1468.7022,33,1500.9957,11,1515.3197,19,1488.7708,16,1347.0451,21,1566.9763,1,0.97059,1,0.96667,0.9697,0.96875,1,1,0.88889,1,1,1,4,1295.5153,3,1911.2145,5,1270.5819,4,1352.9878,8,1382.9589,4,1506.9538,3,1642.6165,9,1554.1688,4,1609.2179,7,1494.4712
ME28,77,6,F,1344.6728,0.9913,29,1452.1525,39,1263.6871,16,1328.7542,15,1497.4468,14,1223.1647,23,1330.0997,1,1,1,0.95833,1,1,1,1,1,1,1,1,3,1305.3381,6,1113.7203,3,1130.3979,6,1013.8714,5,1695.4638,5,1400.0194,5,1343.7329,7,1132.0571,5,1521.9254,5,1318.6096
ME29,78,6,M,1625.419,1,35,1487.6743,34,1765.0428,20,1590.1618,16,1563.5538,17,1680.2769,16,1659.7194,1,1,1,1,1,1,1,1,1,1,1,1,5,1199.1961,9,1820.831,7,1486.7869,1,1790.6,6,1364.2441,6,1754.0657,2,1459.9,6,1707.8007,7,1494.6655,3,1781.9779
YE01,56,4,F,2640.0739,0.78261,21,2936.1289,27,2407.6284,11,2540.0251,13,2694.0866,8,2641.3929,16,2667.7922,0.65625,0.72973,0.83333,0.8,0.58333,0.875,0.33333,0.88889,0.8,0.58333,0.64706,0.8,0,,6,2434.0666,2,2110.9,2,2103.5,4,2809.9214,1,3643.1,4,2722.5633,6,2452.1335,6,3091.5048,7,2116.9182
YE02,58,4,M,2303.8308,0.76522,23,2134.9349,21,2482.6236,9,2158.8768,12,2449.3055,10,2529.8894,13,2091.9615,0.71875,0.56757,0.79167,0.77143,0.70833,0.78125,0.66667,0.77778,0.6,0.75,0.70588,0.4,0,,4,1946.8193,4,2258.7133,2,2715.45,4,1740.3334,3,3320.9817,3,2600.2812,6,2030.2163,7,2056.1964,3,3241.5519
YE03,57,4,M,1556.454,0.38261,7,1909.2777,12,1352.4315,2,1872.2,7,1467.5844,6,1373.1848,4,1845.6774,0.20588,0.35294,0.35714,0.43333,0.34615,0.3871,0.2,0.25,0.11111,0.36364,0.17647,0.5,0,,0,,1,1692,1,1409.4,1,2507.6,3,902.0407,2,2029.45,1,1974.3,3,1695.1532,2,1830.15
YE04,56,4,F,2278.3978,0.75652,28,2390.0284,29,2169.9826,13,2319.6905,14,2387.03,19,2101.2904,11,2390.8104,0.8,0.82857,0.90476,0.72973,0.86207,0.57143,1,0.55556,1,0.7,0.83333,0.8125,5,2192.5755,3,2007.8105,7,2107.4664,6,2331.4483,3,2971.2489,3,1876.1294,2,2860.6,3,2118.7248,6,2394.3946,7,2532.5095
YE05,57,4,M,2275.4129,0.73913,26,2254.9481,19,2301.9393,13,2235.4629,12,2238.655,6,2803.0572,14,2121.592,0.72222,0.54286,0.86207,0.59375,0.73913,0.77419,0.8,0.8,0.4,0.6,0.66667,0.53333,2,1794.95,1,3691.1,1,2364,1,3163.9,6,2216.2023,3,2116.5091,5,2537.176,6,1642.9423,8,2130.9957,5,2391.0178
YE06,54,4,M,2140.9221,0.75652,25,1902.6187,25,2379.7196,9,1933.1909,12,2249.3787,15,2024.5688,14,2303.3796,0.78125,0.67568,0.625,0.74286,0.875,0.78125,1,0.55556,0.7,0.58333,0.82353,0.73333,0,,4,2251.7035,6,1723.8159,3,2287.2355,2,1941.05,2,3195.6,3,2396.6512,5,2204.5049,7,1735.6169,6,2154.2714
YE07,55,4,M,2549.8092,0.42609,11,2574.8678,2,2459.4,1,2284.2,4,2639.479,5,2558.7609,3,2544.3414,0.30556,0.0625,0.44,0.31034,0.36364,0.60714,0.16667,0.66667,0.083333,0.125,0.27778,0,1,2284.2,0,,1,3599.8,1,2420.4,2,3264.3,1,2498.4,2,1977.65,0,,1,1529.8,0,
YE08,57,4,F,2253.3746,0.49565,24,1986.6432,17,2629.7411,13,2155.8081,9,2297.1197,11,2118.0256,8,2544.1423,0.68571,0.5,0.46875,0.66667,0.5,0.39286,0.78571,0.66667,0.35714,0.66667,0.6,0.61538,5,1851.2607,3,3378.224,6,1968.2472,2,2197.6,2,2071.65,2,2289.05,2,1858.265,2,3298.65,5,1794.1036,5,2329.7886
YE09,55,4,M,1949.8582,0.89565,31,1722.8886,31,2176.845,11,2024.2003,17,1990.806,15,1776.6259,19,2003.5759,0.91176,0.91176,0.95,0.9,0.84848,0.90625,1,0.83333,0.88889,1,0.92308,0.83333,4,2002.4518,3,2286.1943,5,1624.9578,4,2406.5174,7,1601.0441,4,2327.405,2,2386.95,9,2093.8722,4,1796.8404,6,2255.9987
YE10,59,4,F,2034.6374,0.92174,34,1982.6793,29,2097.5773,20,2016.6872,19,1812.6136,7,2330.2953,17,2182.5323,0.91892,0.85294,0.96552,0.93548,0.85714,0.91176,0.92308,0.85714,1,0.93333,1,0.73333,8,1855.9421,4,1881.5716,4,2043.0576,0,,8,1773.9701,8,1751.6771,4,1996.6581,6,2252.2831,6,2266.8862,5,2121.8028
YE11,56,4,F,2003.4627,0.82609,30,2183.0749,26,1796.1368,11,1794.6796,18,2020.9942,20,1989.8725,7,2323.0123,0.83333,0.8125,0.88,0.89655,0.81818,0.71429,0.83333,1,0.83333,0.875,0.77778,0.75,4,1855.6432,3,1607.8126,6,2327.2942,7,1899.336,3,2437.8084,5,1718.7108,3,2794.9148,2,1745.35,6,2225.068,8,1827.5082
YE12,57,4,M,2068.6545,0.49565,18,1922.4546,17,2216.9659,11,2018.7929,6,2415.9957,10,1801.3198,8,2201.2745,0.51429,0.5,0.46875,0.52381,0.5,0.5,0.57143,0.66667,0.64286,0.5,0.4,0.38462,4,2098.5379,6,2162.9037,4,1392.4394,3,1994.9917,1,1740,2,2718.35,3,3015.415,1,2614.1,2,1307.375,2,2782.9
YE13,55,4,M,1037.6584,0.55652,26,972.7913,30,1096.7143,12,1495.9745,15,1058.0913,12,737.1268,17,907.6103,0.8125,0.81081,0.54167,0.54286,0.54167,0.59375,0.66667,0.88889,0.9,0.75,0.82353,0.8,0,,6,1520.3511,4,703.9522,3,700.4554,4,576.283,3,1873.0797,4,1374.3652,6,795.2496,8,1159.5756,6,1232.5031
YE14,58,4,M,991.1502,0.50435,4,761.6256,34,1017.8139,5,905.7566,11,1145.5642,11,813.126,11,1050.8558,0.12121,0.89474,0.41667,0.51724,0.51852,0.54286,0.28571,0.090909,0.84615,1,0.066667,0.875,1,732.87,2,1020.995,1,685.74,9,706.6778,1,579.59,7,1334.9256,0,,9,1088.4418,0,,5,884.1125
YE15,56,4,F,1950.2659,0.97391,36,1952.6822,32,1948.7517,20,1900.3607,19,1772.3272,10,1958.2898,19,2177.0048,0.97297,0.94118,0.96552,0.96774,1,0.97059,1,0.92857,0.75,1,1,0.93333,8,2042.6577,3,1929.1064,5,1831.6983,0,,8,1670.8132,8,1770.174,5,2177.3254,7,2077.5782,6,1797.773,6,1868.3522
YE16,52,4,M,1688.5517,0.45217,14,1621.397,17,1745.3973,4,2348.9771,7,1731.1781,9,1855.4154,11,1288.7171,0.4375,0.45946,0.33333,0.48571,0.54167,0.4375,0.33333,0.44444,0.5,0.5,0.47059,0.4,0,,2,1960.95,2,2080.75,3,2075.6807,2,1422.9,1,1758.1,2,1081.35,5,1505.3148,3,2565.8164,3,1744.1815
YE17,53,4,F,2998.4529,0.29565,3,2764.7363,2,3355.45,0,,2,3210.65,0,,3,2861.814,0.09375,0.054054,0.375,0.42857,0.125,0.21875,0,0.11111,0,0,0.11765,0.13333,0,,0,,0,,0,,0,,0,,1,2304.9,0,,1,3269.4,1,3151.9
YE18,55,4,M,2256.7342,0.91304,32,2220.7225,28,2299.242,11,2395.3551,16,2103.9903,16,2384.9692,17,2188.6257,1,0.75676,0.91667,0.88571,0.95833,0.90625,1,1,0.7,0.66667,1,0.86667,0,,4,2249.2966,6,2419.7454,3,2001.0379,4,1583.5911,2,1668.55,5,2183.026,6,2315.4243,9,2254.078,8,2626.7245
YE19,55,4,M,1994.2421,0.85217,32,1892.8547,20,2159.5339,10,2038.3649,12,1905.2357,14,2204.7813,16,1851.5902,1,0.54054,0.875,0.8,0.875,0.875,1,1,0.5,0.41667,1,0.66667,0,,3,2072.2069,6,2227.5635,2,1575.5,4,1568.0538,0,,5,1772.4137,5,2043.3921,9,1839.1795,6,2369.9297
YE20,51,4,F,2440.7101,0.81739,25,2481.6064,26,2405.2322,12,2492.7147,9,2591.6773,15,2287.5088,15,2467.7238,0.78125,0.7027,0.95833,0.65714,0.91667,0.8125,1,0.77778,0.9,0.75,0.70588,0.53333,0,,6,2230.1059,6,2310.5643,3,2187.7538,3,1989.6773,2,3246.4,4,2142.4071,7,2518.1319,7,2926.2869,3,2326.2138
YE21,61,4,M,1643.5146,0.92174,31,1697.1634,31,1589.1793,12,1569.4159,18,1525.6895,16,1556.3226,16,1919.0586,0.96875,0.83784,0.95833,0.97143,0.91667,0.84375,1,1,0.9,0.58333,0.94118,1,0,,5,1264.1726,6,1380.1003,4,1589.9498,4,1305.959,3,1593.7526,5,1929.7859,4,2323.8041,9,1876.0861,9,1453.24
YE22,56,4,M,2029.4488,0.62609,31,2031.4473,0,,8,2256.9967,10,1790.1932,4,1960.6387,9,2126.3009,0.93939,0,0.79167,0.58621,0.51852,0.62857,1,1,0,0,0.86667,0,5,2278.2931,0,,2,2037.45,0,,7,1789.63,0,,4,2242.9728,0,,6,2010.1355,0,
YE23,58,4,F,1927.8301,0.95652,37,1598.7785,30,2333.7705,21,1687.0988,19,1947.1476,8,1954.1059,19,2161.2985,1,0.88235,1,0.96774,0.85714,0.97059,1,1,1,0.93333,1,0.8,8,1377.5979,4,2125.731,5,1358.4432,0,,8,1541.1059,8,2117.4956,6,1830.8094,6,2217.9284,6,1528.3251,6,2416.7498
YE24,57,4,M,2377.8281,0.86957,33,2428.401,25,2310.876,12,2444.7513,18,2312.4904,21,2464.4923,7,2168.7124,0.91667,0.78125,0.88,0.93103,0.87879,0.78571,1,0.83333,0.75,0.75,0.88889,0.83333,5,2319.8953,4,2471.7599,7,2544.6261,5,2133.4193,3,2787.6199,4,2179.758,2,2065.55,2,2641.8,6,2543.1393,8,2141.7033
YE25,59,4,F,1408.7976,0.92174,35,1335.9229,34,1485.686,21,1236.3601,12,1608.8523,21,1464.0589,15,1418.7722,1,1,0.96875,1,0.85294,0.89286,1,1,1,1,1,1,7,1085.0719,7,1331.0133,7,1080.2285,7,1675.2318,2,1823.8,3,1323.9097,4,1557.9292,3,1201.196,7,1269.2221,7,1693.219
YE26,56,4,M,1826.2057,0.86957,31,1824.3589,30,1830.1022,10,1537.6139,16,2010.5308,16,1816.1006,19,1825.8943,0.91176,0.88235,0.85,0.83333,0.87879,0.90625,0.88889,0.91667,1,0.92308,0.92308,0.75,3,1364.4041,3,1365.4284,5,1516.6443,5,2246.9374,8,2032.134,3,2017.7392,2,1902.35,9,1711.2546,4,1808.0373,5,1988.7679
YE27,56,4,F,2242.9714,0.93913,27,2078.0894,35,2370.0032,16,2178.145,11,2254.8369,13,2506.5434,22,2131.7021,0.93103,0.89744,1,0.83333,0.96,0.93939,1,1,0.92308,0.75,0.84615,1,3,1675.5274,6,2314.2287,3,1743.0257,5,2723.212,5,2347.9225,2,2657.5,5,1941.6421,7,2412.8555,4,2131.5162,5,2153.677
YE28,56,4,M,1689.1019,0.49565,23,1756.1509,20,1604.2287,15,1480.6985,11,1943.784,11,1595.0556,6,1886.0899,0.65714,0.58824,0.58065,0.59259,0.44,0.375,0.75,0.625,0.9,0.58333,0.6,0.36364,4,1421.5515,8,1539.1115,5,1562.1202,1,1329.4,5,2572.3726,3,1419.0928,0,,4,1695.4954,6,1425.9807,0,
YE29,54,4,F,2062.8281,0.92174,29,2214.686,35,1936.952,12,2010.7374,18,2100.6275,15,2088.4269,19,2036.9808,0.90625,0.94595,0.875,0.97143,0.83333,0.96875,1,0.88889,0.9,0.91667,0.88235,1,0,,6,1957.4206,6,2384.1832,3,1291.9889,4,2474.0007,3,1536.8162,4,1894.8529,8,2144.4826,8,2167.56,9,2042.6841
YE30,37,4,M,1619.0104,0.54783,25,1739.9758,32,1529.2118,12,1613.0855,14,1712.2559,13,1484.4482,18,1643.4158,0.75758,0.84211,0.58333,0.51724,0.51852,0.57143,1,0.63636,0.84615,0.875,0.73333,0.875,5,1477.4951,2,2246.55,2,893.49,9,1504.0737,3,2038.4184,5,1578.6927,4,1643.5233,9,1448.4158,6,1952.6638,5,1158.4825
YE31,48,4,F,1965.343,0.94783,35,1970.6243,34,1957.6819,20,1949.4415,20,1808.3575,10,2176.0124,19,2040.7613,0.94595,1,0.93103,1,0.90476,0.94118,1,0.92857,1,1,0.9,1,8,1782.8378,4,1522.7503,5,2155.7052,0,,8,1813.6452,8,1600.674,5,2104.8543,7,1927.2267,5,2167.205,7,2366.275
YE32,53,4,M,1208.8882,0.76522,33,1130.3141,30,1294.0151,13,1085.278,18,1430.4578,23,1090.6501,9,1249.7498,0.91667,0.9375,0.72,0.75862,0.84848,0.71429,1,1,1,1,0.83333,0.83333,5,675.2541,4,614.8434,7,879.346,8,1217.3709,3,1773.1943,5,1445.6651,3,762.5732,3,1348.5718,6,1467.8345,8,1577.1437
YE33,51,4,F,2057.7482,0.63478,26,2056.8176,2,2046.95,10,2013.215,2,2207.2,11,2021.2977,5,2170.1714,0.74286,0.058824,0.65625,0.52381,0.67647,0.64286,0.78571,0.66667,0.071429,0,0.73333,0,5,1967.7413,1,1623,6,1908.076,0,,2,2207.2,0,,2,1781.35,0,,4,2172.1438,0,
YE34,58,4,M,1514.7434,0.98261,32,1310.0933,36,1697.135,13,1466.2505,18,1389.4924,17,1677.8418,20,1518.1943,1,0.97297,0.95833,0.97143,1,1,1,1,1,1,1,0.93333,0,,6,1400.6388,6,1402.1061,4,2263.0481,4,1032.4192,4,1648.4708,5,1409.4287,8,1533.6793,9,1230.2236,8,1735.4347
YE35,58,4,M,1809.8847,0.95652,32,1856.6643,33,1762.8916,13,1613.0832,18,1853.9739,16,1889.7144,18,1836.1248,1,0.89189,0.95833,0.97143,0.95833,0.9375,1,1,0.9,0.91667,1,0.86667,0,,6,1375.1384,6,1905.6958,3,1467.8684,4,1470.8184,4,1783.863,5,2011.2025,7,1861.8668,9,1817.0785,8,2093.5093
YE36,57,4,F,1917.0555,0.94783,31,1937.3753,35,1894.7128,11,1851.3172,21,1838.7146,15,1808.8148,19,2120.0652,0.93939,0.92105,0.91667,0.96552,0.96296,0.94286,1,1,0.92308,0.9375,0.86667,0.875,5,1925.9162,2,1715.7,2,1622,10,1789.9418,7,1924.268,7,1741.2779,4,2132.5523,8,2237.1791,5,1989.978,5,1777.7546
YE37,54,4,F,1954.2877,1,32,1958.5551,37,1951.6962,13,2001.0787,19,1808.5666,17,2057.7524,20,1976.4817,1,1,1,1,1,1,1,1,1,1,1,1,0,,6,2084.11,6,2286.8182,4,1944.0513,4,1683.4375,4,2337.3595,5,1776.2973,8,2113.935,9,1896.1959,9,1627.5019