ID,Month,age,gender,targetset,accuracy,Paccu,P1accu,P2accu,P3accu,P4accu,P234accu,Maccu,M1accu,M2accu,M3accu,M4accu,M234accu,PVsingAccu,PAsingAccu,MVsingAccu,MAsingAccu,PV2Vaccu,MV2Vaccu,PA2Vaccu,MA2Vaccu,PA2Aaccu,MA2Aaccu,PV2Aaccu,MV2Aaccu,rtmean,Pno,Prt,Mno,Mrt,P1no,P1rt,P2no,P2rt,P3no,P3rt,P4no,P4rt,P234no,P234rt,M1no,M1rt,M2no,M2rt,M3no,M3rt,M4no,M4rt,M234no,M234rt,PVno,PVrt,PAno,PArt,MVno,MVrt,MAno,MArt,MAVno,MAVrt,Vsingno,Vsingrt,Asingno,Asingrt,V2Ano,V2Art,A2Vno,A2Vrt,V2Vno,V2Vrt,A2Ano,A2Art,PVsingno,PVsingrt,PAsingno,PAsingrt,MVsingno,MVsingrt,MAsingno,MAsingrt,P1Vsingno,P1Vsingrt,P1Asingno,P1Asingrt,M1Vsingno,M1Vsingrt,M1Asingno,M1Asingrt,PV2Ano,PV2Art,PA2Vno,PA2Vrt,MV2Ano,MV2Art,MA2Vno,MA2Vrt,PV2Vno,PV2Vrt,PA2Ano,PA2Art,MV2Vno,MV2Vrt,MA2Ano,MA2Art,P1V2Ano,P1V2Art,P1A2Vno,P1A2Vrt,M1V2Ano,M1V2Art,M1A2Vno,M1A2Vrt,P1V2Vno,P1V2Vrt,P1A2Ano,P1A2Art,M1V2Vno,M1V2Vrt,M1A2Ano,M1A2Art,P1Vno,P1Vrt,P1Ano,P1Art,M1Vno,M1Vrt,M1Ano,M1Art,PRrno,PRrrt,PRsno,PRsrt,MRrno,MRrrt,MRsno,MRsrt,crossno,crossrt,nocrossno,nocrossrt,T1Vno,T1Vrt,T1Ano,T1Art,T2Vno,T2Vrt,T2Ano,T2Art,filter_$,BAccuracy,BRT,BVisRt,BAudRt,BT1Vrt,BT2Vrt,BT1Art,BT2Art,PV234,PA234,VisDis,AudDis
Y01,53,1,F,2,.80405,.70833,.75,.66667,.83333,.58333,.69444,.85,.8,.92,.96,.72,.86667,.85714,.66667,.77778,.75,.8,.77778,.4,.77778,.6,.77778,.33333,1,1630.1615,19,1369.4405,52,1725.425,6,1253.8267,5,1708.91,5,1322.772,8,1476.9125,13,1422.8008,11,2072.3182,15,1702.6533,14,1639.2571,12,1536.4333,41,1632.3561,12,1261.9692,7,1553.6771,21,1763.1762,22,1698.6136,9,1702.8778,13,1700.3838,13,1700.3838,6,2060.25,9,1562.6733,11,1454.6618,10,1447.547,4,1185.07,0, ,6,2007.3167,8,1782.475,2,1015.505,2,1434.385,1,3289.8,1,1502.8,2,2377.5,1,883.96,3,1905.2333,6,1570.9333,3,1621.7333,3,1083.99,6,1459.1833,5,1589.62,0, ,1,1950.2,1,1890.8,1,1804.3,1,672.98,0, ,1,1708,2,1637.7,4,1163.5475,2,1434.385,3,2267.366,4,1667.25,5,1208.892,8,1556.4938,19,1598.0105,22,1662.0182,11,1956.7909,32,1652.2344,7,1252.1202,0, ,5,1288.2638,0, ,1,.93182,1066.601,920.1433,1186.43,597.3425,1178.384,1348.3667,992.106,1601.394,1730.45,544.02,681.2507
Y02,52,1,M,1,.85135,.72917,.66667,.75,.75,.79167,.75,.91,.96,.92,.88,.88,.89333,.28571,.66667,1,.75,.4,.77778,.8,.88889,1,.88889,.83333,1,2144.6118,20,2173.3,56,2134.3661,5,1705.1,6,2529.7667,5,2217,10,2075.6,15,2329.3667,14,2497.8857,15,2128.14,12,1905.175,15,1984.66,42,2013.1929,8,2133.6625,12,2199.725,24,1987.5042,23,2279.1739,9,2155.9333,11,1911.9364,11,1911.9364,9,2431.5333,12,2124.3583,9,2027.3111,13,2263.0308,1,2952.3,0, ,8,1811.7625,7,2246.2857,1,1431,2,1614.25,1,2153.9,2,2777.2,5,2594.62,2,1793.85,3,1939.7,5,1953.22,2,2616.15,5,2039.02,6,1811.45,6,2440.8167,0, ,2,1933,1,3091.6,3,2757.5,0, ,0, ,1,2144.8,2,2289.7,3,1765.6667,2,1614.25,5,2514.24,5,2645.08,8,2101.2,7,2590.1286,18,1939.7111,24,2068.3042,12,2265.5667,35,2083.8371,1,3155.7,4,2853.766,7,1986.3711,4,2853.757,1,.95455,1565.4632,1431.3,1714.5333,1404.32,1458.28,1857.5,1600.16,2316.82,2316.82,602.2867,885.52
Y04,55,1,F,1,.71622,.66667,.58333,.75,.75,.5,.69444,.74,.84,.68,.76,.68,.70667,.85714,.33333,.88889,.25,.8,.77778,.4,.77778,.2,.44444,.5,.25,1752.8179,17,1511.1035,39,1858.1805,4,1131.95,6,1880.15,5,1448.22,4,1698.015,13,1627.7662,12,1856.685,8,1517.2075,9,1832.25,10,2156.091,27,1858.8452,12,1581.075,5,1343.172,22,1640.6541,9,2701.1667,8,1508.0187,14,1755.3586,14,1755.3586,4,1542.14,9,1507.5367,11,1538.5855,5,2548.1,4,1926.775,0, ,7,1969.9571,3,2763.3667,2,1147.45,1,1117.2,1,783.32,0, ,3,1421.3867,1,1394.5,0, ,4,1343.8075,4,1615.175,1,1334.5,5,1218.368,2,3189.65,0, ,1,1115.7,1,1904.4,3,1894.1333,0, ,0, ,2,2185.95,2,2513.35,3,1136.8667,1,1117.2,6,1806.27,3,2310.3667,5,1445.672,8,1741.575,11,1664.2236,16,1992.6475,9,2003.2256,22,1926.1755,6,1667.8312,2,1394.53,6,1476.6164,2,1394.53,0,.93182,1401.2679,1104.509,1731,1141.574,1067.444,1713.84,1752.45,1399.665,1377.75,-353.25,295.156
Y08,59,1,F,1,.9527,.95833,.91667,1,1,.875,.97222,.95,.96,.96,1,.88,.94667,.71429,1,1,.83333,1,1,1,1,1,.77778,1,1,1634.6441,30,1519.61,58,1694.1445,8,1740.05,9,1412.4222,7,1473.3143,12,1489.525,22,1439.45,14,2167.9286,15,1395.1167,15,1627.5487,14,1612.1,44,1543.395,15,1482.9733,15,1556.2467,27,1582.6259,23,1853.487,8,1612.41,14,1494.6143,14,1494.6143,10,1471.92,14,1621.8143,14,1524.6786,12,1668.0917,4,1349.475,1,1799,8,1533.75,8,1979.8625,1,1374.7,2,1824.2,1,1882,2,2754.7,6,1445.2333,2,1556.1,3,1361.2,6,1400.8167,4,1353.625,5,1454.58,7,1509.1714,5,1678.16,0, ,3,1779.2,1,1964.2,3,1950.2333,1,1607.7,0, ,2,1879.55,2,2176.7,5,1664,3,1866.8,6,1915.3,5,2365.4,10,1419.4,12,1456.1583,20,1507.0615,24,1573.6729,12,1780.2667,38,1684.1553,7,1606.0309,7,1664.6277,8,1384.7542,7,1664.2347,1,.97727,1737.915,1641.34,1834.49,1378,1904.68,1554.25,2254.85,1478.6083,1566.2711,-268.2189,-162.7317
Y10,58,1,F,1,.81081,.6875,.58333,.66667,.75,.70833,.72222,.87,.8,.88,.96,.84,.89333,.57143,.66667,1,.75,.4,1,.8,.77778,.6,.77778,.33333,1,1905.2789,17,2423.7235,54,1742.0648,4,2231.275,5,2577,4,2816.7,10,1632.128,13,2482.9385,11,1831.3636,14,1602.2529,14,2068.9286,15,1501.9973,43,1719.2209,10,2761.39,7,1941.3429,25,1728.4996,22,1681.905,7,1979.5857,13,2050.4623,13,2050.4623,6,2038,11,2418.1636,11,1597.3255,10,1844.91,4,2950.25,0, ,8,1724.4763,8,1455.7588,0, ,2,2214.2,1,1059.2,1,1171.9,2,1791.7,2,2888.8,3,2421.3333,5,2269.54,2,2769.3,3,1859.2,7,1304.2971,5,1811.46,0, ,2,2248.35,1,1380.6,2,2488.9,0, ,0, ,2,1450.95,2,1907.1,2,2248.35,2,2214.2,5,1787.78,4,1591.675,6,2317.3333,7,2624.8857,19,1841.7253,24,1622.2383,13,1654.8877,34,1726.4959,3,3058.5823,1,2352,7,2630.6911,1,2352,1,.95455,1316.3705,1311.394,1321.9,1436.16,1186.628,1269.28,1387.675,1832.2,1825.45,503.55,520.806
Y11,53,1,M,2,.78378,.75,.58333,.66667,.91667,.875,.80556,.8,.72,.96,.76,.76,.82667,.85714,.66667,1,.58333,1,.77778,.6,.66667,.6,.77778,.33333,.75,1697.4964,21,1970.4662,49,1580.5094,4,2404.925,6,1833.1,6,1721.4,12,1804.3742,17,1868.2406,11,1570.8555,15,1884.98,10,1250.105,13,1491.5231,38,1583.3039,14,1892.8786,7,2125.6414,22,1643.7155,19,1516.0905,8,1559.6875,15,1798.9267,15,1798.9267,5,2068.12,9,1846.8933,12,1588.0083,10,1329.119,5,1893.64,1,3156.4,8,1803.925,6,1725.55,1,1696.7,1,3253.4,1,1387.6,1,916.41,2,2706.75,2,1842.95,2,1800.25,5,1636.828,4,1744.975,3,1018.73,5,1277.76,6,1478.6,0, ,1,2528.5,1,1326.6,1,2223.5,1,2141.1,0, ,2,1773.15,1,1363.4,3,2122.1,1,3253.4,4,1789.35,3,1202.1367,7,1696.3557,10,1988.56,15,1314.7167,23,1758.4696,8,1814.9125,33,1528.7321,8,1915.3838,2,2727.45,6,1862.0388,2,2727.45,1,.86364,1385.09,1215.9529,1516.6411,1108.63,1296.445,2096.225,1052.974,1937.6817,2293.96,777.3189,721.7288
Y12,51,1,F,1,.84459,.85417,.75,.83333,.83333,.95833,.88889,.84,.8,.88,.8,.88,.85333,.85714,1,.77778,1,.6,1,.6,.77778,1,1,1,1,1512.0206,26,1678.5138,58,1437.3857,6,1643.1667,8,1684.8875,5,1869.62,15,1581.2867,20,1689.118,14,1605.2079,15,1506.44,13,1283.02,16,1351.225,44,1383.9877,12,2082.125,14,1332.5614,23,1457.4678,27,1596.7581,8,841.7675,13,1731.9346,13,1731.9346,10,1371.677,10,1575.964,12,1686.0392,14,1395.2207,4,2145.8,1,1417.8,6,1426.9867,10,1924.357,2,2312.1,2,1450.4,1,745.83,2,1358.5,6,1298.0783,1,1437.4,3,1530.5667,4,1279.81,3,2668.9,5,1309.758,7,1056.4243,7,1417.3143,0, ,2,1167,1,1336.6,3,2289.6667,0, ,0, ,2,2415.4,2,1531.55,4,1739.55,2,1450.4,6,2074.271,5,1423.34,9,1487.0178,11,1854.4727,19,1249.1616,25,1486.4556,11,1806.76,39,1455.3813,5,2467.1919,6,1415.6605,7,1810.2256,6,1409.3449,1,1,957.8843,957.824,957.9391,963.28,952.368,936.2267,983.994,1312.9217,1341.87876666667,383.939666666667,355.0977
Y14,57,1,M,1,.93919,.91667,.75,.91667,1,1,.97222,.95,.88,.92,1,1,.97333,1,.66667,1,.91667,.6,1,1,1,1,.88889,1,1,1215.4943,29,1438.1493,61,1109.642,7,1472.0671,8,1392.1625,7,1352.7557,15,1290.906,22,1427.3573,15,1062.3033,14,1230.9079,15,1113.2107,17,1048.3965,46,1125.0785,15,1366.298,14,1515.1329,27,1004.1933,25,1325.592,9,826.1267,16,1230.5031,16,1230.5031,10,1507.42,14,1163.4814,12,969.2417,13,1338.4423,5,1372.78,1,1616.4,8,1167.4963,9,1463.3222,2,1307.15,1,1782.4,1,869.88,2,971.105,6,1673.4833,2,1238.85,3,1360.9,6,940.7917,3,1358.1333,5,1265.712,7,762.6114,6,1334.8483,0, ,3,1488.0567,1,950.6,3,1234.04,0, ,0, ,2,1109.11,2,1531.05,5,1415.694,2,1613,6,1131.703,5,1190.982,10,1455.356,12,1404.025,21,1009.4252,25,1222.2272,13,1279.1654,39,1118.5608,7,1706.1525,7,1689.0249,8,1064.2788,7,1680.7513,1,1,1125.8395,860.1,1367.4209,819.496,900.704,1249.1083,1509.396,1498.8217,1518.53176666667,151.110866666667,638.7217
Y17,54,1,M,2,.90541,.95833,.83333,1,1,.95833,1,.88,.72,.96,.96,.88,.93333,1,1,.85714,.88235,1,.875,1,1,.83333,1,1,.66667,1338.3231,30,1218.21,56,1402.6695,8,1251.0587,5,1079.782,9,1183.01,15,1362.0413,22,1206.265,12,1208.2025,15,1469.7593,16,1532.4513,13,1345.0346,44,1455.7059,16,1070.3406,14,1387.2036,24,1328.5612,25,1550.3864,7,1129.1943,11,1561.39,11,1561.39,6,1344.0517,11,1398.0236,14,885.0064,13,1285.6154,4,1199.6975,3,1626.3333,6,1870.05,14,1654.2071,1,1156.2,2,1325.9,0, ,1,2713.5,3,1831.9667,1,892.35,1,874.64,7,1442.8186,6,817.9483,5,1112.82,6,927.4333,6,1378.4833,1,830.05,2,1801.15,1,863.72,1,783.88,1,924.28,0, ,1,993.52,2,1439,5,1305.324,3,1160.6167,4,975.185,4,1613.805,10,1146.113,12,1256.3917,17,1166.2218,27,1637.9737,17,1253.2388,32,1541.8772,8,1175.3549,7,1760.2385,8,968.7246,7,1772.4068,1,.88636,916.985,1021.613,812.357,802.722,1240.504,981.64,643.074,1449,1523.70666666667,711.349666666667,427.387
Y27,56,1,F,2,.83108,.85417,.91667,.83333,.83333,.79167,.83333,.82,.8,.84,.92,.72,.82667,1,1,.85714,.81818,.6,.75,.57143,.55556,1,.83333,1,.83333,1729.6747,25,1660.9776,48,1765.4544,8,2126.3875,6,1337.15,7,1623.0857,8,1603.5175,17,1441.9612,12,2036.1667,11,1769.1027,14,1709.0614,11,1538.2564,36,1675.2169,12,1918.5,13,1423.2646,21,1701.5895,22,1856.6832,5,1632.28,10,2042.08,10,2042.08,8,1843.0175,9,1497.8089,9,1878.3889,8,1496.9413,2,1552.55,5,1350.34,5,2159.42,6,2011.8833,2,2306.45,2,1507.3,1,1905.7,3,1782.6333,3,1422.2133,2,1171.3,3,1954.1,4,1194.145,2,1788.9,3,1489.8333,4,1360.4,4,1298.5575,0, ,2,1662.2,2,2307.6,1,3036.7,1,2863.2,0, ,2,2511.45,1,2311.8,6,2332.75,2,1507.3,5,2265.98,6,2045.8167,6,1555.99,11,1379.7636,14,1344.7914,22,1885.4877,12,1883.9683,31,1741.0577,4,2990.0263,5,1500.4517,8,1380.1361,5,1494.3769,1,.97727,1515.6175,1210.3509,1888.7211,1244.766,1181.6717,1544.528,2318.9625,1407.9855,1420.79553333333,-467.925566666667,197.6346
M01,83,2,M,1,.93919,.95833,1,.91667,1,.91667,.94444,.93,.8,.96,1,.96,.97333,1,1,1,1,1,1,1,1,.83333,1,1,1,1399.8074,30,1179.0127,61,1508.3949,9,1102.9189,4,1251.445,9,1128.8722,16,1433.2,21,1211.6243,13,1544.0146,15,1502.3653,17,1512.6765,16,1480.5575,48,1498.7479,16,1074.2319,14,1298.7621,26,1443.0415,28,1611.4139,7,1339.06,12,1383.7458,12,1383.7458,7,1581.8414,11,1501.06,15,1220.484,13,1567.5923,4,1063.53,3,1000.49,7,1615.7757,15,1542.88,1,1040.4,2,1322.1,0, ,2,1530.9,3,1748.0333,1,957.4,2,1540.695,7,1480.4371,6,1152.0533,4,1268.675,7,1312.6486,6,1729.3,1,1164.2,2,1128.75,1,1583.2,1,2933.7,1,905.4,1,1054,1,1301,2,1937.1,5,1012.774,4,1215.6,4,1437.722,5,1703.84,10,1318.274,11,1114.67,19,1480.7116,29,1510.5648,18,1374.3861,36,1608.3256,8,1151.9446,7,1322.4344,8,994.9815,7,1320.9906,1,.97727,1038.679,897.962,1179.396,998.474,797.45,1501.918,856.874,1057.6611,1339.0661,159.6701,159.6991
M02,83,2,F,2,.98649,1,1,1,1,1,1,.98,.92,1,1,1,1,1,1,1,1,1,1,1,1,1,1,1,1,845.3502,32,844.1912,63,845.9389,9,996.6344,9,679.2356,7,838.7243,15,772.4087,23,784.5396,15,901.7387,16,909.3669,15,873.4627,17,712.7212,48,828.5015,17,877.6076,15,806.3193,27,836.9985,27,917.307,9,658.6556,16,930.2569,16,930.2569,10,951.259,14,900.6171,14,716.11,14,674.4936,5,822.398,1,459.13,8,978.0625,10,1226.301,2,1151.18,2,762.805,1,645.26,2,925.155,6,1005.2,2,876.11,3,790.9633,6,806.18,4,612.4975,5,647.976,7,568.0929,7,703.5129,0, ,3,1187.99,1,1108.5,3,818.4567,1,738.8,0, ,2,1430.05,2,639.22,6,1100.855,3,788.1933,6,993.455,5,847.45,10,882.115,13,709.4815,21,700.8238,27,927.8063,13,958.3562,41,851.4054,9,847.127,7,926.2464,8,912.8028,7,920.7258,1,.97727,605.2371,644.988,569.1,653.972,636.004,478.2167,678.16,770.335166666667,704.102,135.002,125.347166666667
M03,77,2,M,1,.95946,1,1,1,1,.95833,1,.94,.84,1,1,.92,.97333,1,1,1,.91667,1,1,1,1,1,1,1,1,1100.9844,32,1053.7447,62,1125.3661,9,855.0256,9,1094.9989,7,923.9686,14,1185.3321,23,1131.5043,15,1171.2827,16,1069.7313,15,1116.674,16,1146.1031,47,1110.7119,17,844.5941,15,1290.782,27,1065.1485,26,1251.0869,9,942.8256,16,1061.8063,16,1061.8063,10,1560.233,14,941.5586,14,924.7421,14,1118.1679,5,902.372,1,1694.5,8,1253.3963,9,1206.74,2,831.045,2,864.465,1,787.78,2,1175.76,6,1742.155,2,868.65,3,1292.2333,6,1006.75,4,796.66,5,888.274,7,930.0771,7,1164.48,0, ,3,821.14,1,1272.7,3,980.2,1,796.79,0, ,2,1226.21,2,1530.81,6,820.3833,3,924.31,6,1030.133,5,1337.168,10,1163.41,13,1106.9615,21,1054.3157,26,1156.2627,13,1296.5531,40,1110.802,9,907.4034,7,1748.8927,8,772.731,7,1761.0987,1,1,831.1595,738.913,915.02,746.544,731.282,937.32,888.26,855.894,1441.643,526.623,116.981
M06,80,2,M,2,.9527,1,1,1,1,1,1,.93,.76,.96,1,1,.98667,1,1,1,1,1,1,1,1,1,1,1,1,991.9599,32,884.4494,63,1046.5684,9,972.73,9,847.6333,7,793.5671,15,825.548,23,849.9048,15,990.84,16,1235.6119,15,1015.3853,17,945.3318,48,1063.9835,17,845.3071,15,928.8107,27,918.3796,27,1247.9752,9,826.9144,16,980.4731,16,980.4731,10,1019.685,14,929.6036,14,747.4607,14,1014.53,5,865.24,1,1032.5,8,1086.6487,10,1426.908,2,768.14,2,865.65,1,1131.9,2,1016.12,6,1012.5183,2,742.895,3,1058.2667,6,894.26,4,708.59,5,758.77,7,670.6971,7,1159.3643,0, ,3,1068.8667,1,946.94,3,985.5,1,980.99,0, ,2,977.11,2,1147.01,6,953.9783,3,1010.2333,6,1007.103,5,1054.64,10,820.153,13,872.7908,21,959.1595,27,1145.5133,13,1133.4923,41,1067.2239,9,942.9685,7,1067.7405,8,740.0723,7,1068.8769,1,.97727,626.8681,615.875,636.8618,583.854,647.896,539.8267,753.304,772.241666666667,934.5961,297.7343,156.366666666667
M07,81,2,M,2,.96622,.97917,1,1,1,.95833,.97222,.96,.92,1,.96,.96,.97333,1,1,1,1,1,1,1,1,.8,1,1,1,1014.606,31,1063.2284,63,990.6806,9,1267.2,9,1031.8678,7,942.5929,14,1038.5386,22,979.7855,15,963.134,16,1034.095,15,917.9827,17,1038.2712,48,999.289,17,1058.7406,14,1068.6779,27,902.4411,27,1140.6378,9,805.5278,16,990.8406,16,990.8406,10,1249.289,14,1042.5957,14,851.0507,13,799.8185,5,1153.124,1,945.55,8,888.5288,10,1501.292,2,1011.255,2,941.195,1,957.09,2,958.205,6,1205.4667,2,650.145,3,1287.3633,6,1042.6583,4,900.7925,4,676.9625,7,759.7214,7,824.91,0, ,3,1332.5667,1,1398,3,1014.1333,1,1309.3,0, ,2,842.095,2,957.71,6,1221.585,3,1358.43,6,947.28,5,1045.966,9,886.3778,13,1044.4523,21,868.9338,27,1100.6763,13,1052.6931,41,1011.6615,9,1217.4376,6,1506.6455,8,884.6627,6,1531.4604,1,1,785.3876,702.074,861.1273,654.772,749.376,1053.1717,630.674,901.353833333333,942.659733333333,81.5324333333334,199.279833333333
M08,75,2,M,1,.84459,.89583,.83333,1,1,.75,.91667,.82,.88,.76,.88,.76,.8,.85714,1,1,.66667,1,1,.8,1,.8,.77778,1,1,1204.8156,28,1233.8925,56,1190.2771,7,1436.75,9,1041.9278,7,1247.2571,11,1256.3164,21,1166.2733,15,1204.7673,13,1263.5723,15,1157.8967,13,1137.6246,41,1184.9759,15,1264.102,13,1199.0354,27,1084.1115,21,1417.2481,8,952.7875,15,1438.83,15,1438.83,10,1403.066,13,1042.9938,14,935.0836,11,1099.8073,4,1109.7475,1,2195.3,8,1429.3575,6,1765.6167,2,2031.55,2,1273.6,1,1645.5,2,1221.315,6,1244.21,2,1555.65,3,1395.4667,6,912.3817,4,975.2975,4,844.925,7,817.6386,5,1297.172,0, ,2,909.375,1,2379,3,1051.5267,1,1628.2,0, ,2,919.155,2,1116.16,5,1502.01,2,1273.6,6,1106.398,5,1410.79,9,1207.5156,12,1135.3417,19,968.8216,22,1371.6545,12,1169.9217,36,1249.8378,7,1332.3121,5,1654.1132,8,1213.4492,5,1649.4502,1,1,1073.569,846.495,1280,770.414,922.576,1386.345,1152.386,1213.565,1428.145,148.145,367.07
M11,81,2,F,2,.95946,.97917,1,1,1,.91667,.97222,.95,.92,1,.92,.96,.96,1,1,1,.88235,1,.875,1,1,1,1,1,1,1335.0437,31,1028.4674,58,1498.9034,9,983.4122,5,1171.308,9,991.7689,15,1098.334,22,1046.8991,13,1561.2169,15,1505.5987,15,1727.38,15,1209.7267,45,1480.9018,16,985.6494,15,1074.14,25,1473.4164,26,1621.6888,7,1133.8686,12,1372.3217,12,1372.3217,7,1382.0357,11,1306.9018,14,1220.3143,14,1378.565,4,920.785,3,1156.1833,7,1710.15,13,1572.9762,1,813.67,2,1327.9,0, ,2,1364.405,3,1148.3167,1,664.06,2,1790.6,7,1416.4443,6,1167.805,5,952.85,6,1293.2833,6,1615.8833,1,869.8,2,1016.925,1,1778.3,1,1762.9,1,813.07,1,908.75,1,1504.8,2,1965.805,5,883.272,4,1108.5875,4,1634.55,5,1687.744,10,1002.355,12,1084.0192,18,1463.0756,27,1492.7859,15,1524.142,36,1559.3664,8,934.1285,7,1164.6576,8,1047.9998,7,1159.3753,1,.97727,1493.4695,1404.825,1591.9633,1125.89,1683.76,1240.5675,1873.08,917.55,1085.78333333333,-506.179966666667,-487.275
M12,81,2,M,1,.98649,1,1,1,1,1,1,.98,.92,1,1,1,1,1,1,1,1,1,1,1,1,1,1,1,.75,1453.6153,32,1296.2962,62,1534.8123,9,1357.8189,9,1339.5111,7,1280.1486,15,1316.934,23,1272.2222,14,1561.3143,16,1476.2669,15,1589.1833,17,1520.1141,48,1527.0825,17,1339.8318,15,1246.956,27,1711.3256,26,1474.7765,9,1178.7089,16,1543.3275,16,1543.3275,9,1316.3889,14,1853.1286,14,1310.4207,14,1368.4464,5,1260.208,1,1036.4,8,1768.9125,10,1517.23,2,1574.05,2,1372.3,1,1092.8,2,1984.75,6,1316.9817,2,1509.865,3,1315.2033,6,2117.0167,4,1361.475,5,1111.23,7,1302.87,7,1543.3571,0, ,3,1228.9567,0, ,3,2178.3667,1,1175.5,0, ,2,1302.2,2,1399.3,6,1335.0783,3,1403.3,6,1705.383,4,1692.025,10,1266.667,13,1276.4954,21,1509.6138,27,1540.6693,13,1663.6954,40,1573.0485,9,1296.7546,7,1384.5777,8,1390.0158,7,1381.137,1,1,935.9738,809.728,1050.7427,867.972,751.484,954.17,1166.63,1377.18266666667,1154.87056666667,104.127866666667,567.454666666667
M13,83,2,F,2,.95946,1,1,1,1,1,1,.94,.84,.96,.96,1,.97333,1,1,1,1,1,1,1,1,1,1,1,1,843.5478,32,805.375,63,862.9371,9,884.8978,9,782.4056,7,665.5271,15,879.57,23,774.2574,15,912.786,16,764.355,15,871.074,17,904.5565,48,847.3594,17,816.6088,15,792.6433,27,857.7352,27,928.8437,9,680.8233,16,818.195,16,818.195,10,824.623,14,981.2057,14,729.5143,14,838.9686,5,879.07,1,851.92,8,798.0375,10,1064.48,2,843.76,2,664.83,1,623.95,2,877.28,6,867.415,2,529.09,3,727.4567,6,865.7683,4,675.2775,5,719.374,7,686.7286,7,961.1771,0, ,3,1029.8567,1,859.37,3,1464.84,1,950.62,0, ,2,877.185,2,710.225,6,954.6183,3,745.4567,6,1128.806,5,806.876,10,716.95,13,818.34,21,855.2929,27,841.1889,13,856.2715,41,905.0268,9,959.8466,7,926.2478,8,644.8498,7,924.7318,1,1,735.37,646.507,816.1545,564.412,728.602,831.9183,797.238,694.479166666667,812.903,-3.25150000000008,47.9721666666667
M14,81,2,M,1,.96622,1,1,1,1,.95833,1,.95,.92,.92,1,.96,.96,1,1,1,1,1,1,1,1,1,1,1,.75,1249.0573,32,1167.7991,62,1290.9971,9,1152.7422,9,1185.7511,7,1049.68,15,1248.9727,23,1173.6909,15,1358.5533,15,1345.2453,15,1240.0127,17,1228.5088,47,1269.4366,17,980.4541,15,1380.1233,27,1260.8393,26,1412.8704,9,1029.3922,16,1265.25,16,1265.25,9,1642.1889,14,1297.8679,14,878.3021,14,1294.87,5,997.076,1,1245.9,8,1567.95,10,1426.15,2,787.96,2,1481.85,1,1139.1,2,1347.4,6,1654.8167,2,1241.41,2,1213.55,6,991.505,4,720.36,5,1094.09,7,896.6129,7,1510.5143,0, ,3,1274.2667,1,2423.7,3,1971.8333,1,919.36,0, ,2,1109.57,2,1042.065,6,1053.0133,3,1352.2,6,1545.623,5,1440.526,10,1234.045,13,1127.2646,21,1143.0162,26,1371.5454,13,1369.4808,40,1324.351,9,942.0441,7,1422.3318,8,1022.7587,7,1414.5118,1,.97727,946.7667,673.315,1195.3591,601.766,744.864,1267.595,1108.676,986.282,1331.60223333333,136.243133333333,312.967
M15,78,2,F,1,.9527,.97917,1,.91667,1,1,.97222,.94,.8,.96,1,1,.98667,1,1,1,1,1,1,1,1,1,1,1,1,932.6529,32,935.2512,63,931.3332,9,914.6156,9,842.0267,7,951.5957,15,957.7367,23,943.3261,15,886.6347,16,1006.8431,15,1019.594,17,821.8276,48,945.3015,17,944.4224,15,924.8573,27,862.3752,27,1074.617,9,708.3556,16,930.9888,16,930.9888,10,876.757,14,926.7871,14,819.1764,14,1014.7686,5,1034.112,1,1233,8,849.0812,10,1261.7,2,1136.305,2,855.25,1,660,2,993.52,6,814.9083,2,883.03,3,995.31,6,959.3133,4,922.43,5,989.542,7,711.7614,7,1112.0514,0, ,3,806.1833,1,892.19,3,1011.51,1,737.68,0, ,2,1029.37,2,737.345,6,904.8067,3,934.2333,6,958.8783,5,870.784,10,936.403,13,948.6515,21,900.5233,27,980.1289,13,970.8038,41,967.7644,9,1096.1067,7,1104.8025,8,776.9426,7,1115.6986,1,.97727,786.3543,760.863,809.5282,768.204,753.522,737.0217,896.536,946.524,1012.48343333333,202.955233333333,185.661
A01,417,3,F,1,.99324,1,1,1,1,1,1,.99,.96,1,1,1,1,1,1,1,1,1,1,1,1,1,1,1,1,796.2234,32,706.7462,63,841.6721,9,786.3178,9,708.52,7,638.2514,15,778.2693,23,675.6096,15,806.24,16,931.6969,15,850.2807,17,780.6106,48,852.7446,17,709,15,704.192,27,817.3763,27,875.8011,9,812.1722,16,712.3837,16,712.3837,10,785.844,14,856.4707,14,766.6736,14,819.1729,5,655.196,1,618,8,778.9412,10,1004.536,2,679.435,2,630.75,1,531.76,2,508.7,6,763.35,2,656.055,3,677.2133,6,824.3717,4,640.025,5,638.546,7,800.7114,7,974.1929,0, ,3,905.9533,1,1246.7,3,1004.7967,1,828.08,0, ,2,870.135,2,728.17,6,817.4683,3,724.0167,6,881.07,5,744.088,10,651.689,13,694.01,21,785.6324,27,904.943,13,835.2385,41,850.1876,9,746.8637,7,739.542,8,668.3778,7,739.1645,1,1,638.7643,583.181,689.2945,589.306,577.056,745.68,621.632,650.425333333333,673.298666666667,-15.9958333333333,67.2443333333332
A02,358,3,F,2,.98649,1,1,1,1,1,1,.98,.96,.96,1,1,.98667,1,1,1,1,1,1,1,1,1,1,1,1,800.4378,32,733.0969,63,834.6427,9,741.8,9,761.0244,7,668.8429,15,774.2413,23,729.6913,15,1014.4687,16,795.035,15,736.7607,17,799.6171,48,778.4471,17,668.6888,15,806.0927,27,811.5419,27,911.0781,9,674.6389,16,837.9731,16,837.9731,10,965.358,14,814.8643,14,604.5479,14,835.0714,5,706.254,1,705.18,8,907.1975,10,946.007,2,739.31,2,798.16,1,1140.1,2,885.245,6,974.9617,2,595.585,3,802.2033,6,675.0633,4,558.515,5,654.29,7,618.9329,7,859.2729,0, ,3,783.3,1,1397.2,3,1272.2167,1,582.69,0, ,2,657.195,2,1202.32,6,735.2017,3,754.9967,6,1045.19,5,1114.466,10,703.815,13,749.5962,21,717.0924,27,826.1674,13,1000.2915,41,817.2427,9,644.0719,7,950.7765,8,697.2893,7,949.6785,1,1,530.6014,492.194,565.5173,508.648,475.74,485.2683,661.816,620.118,778.1439,212.6266,127.924
A03,231,3,F,1,.97297,1,1,1,1,1,1,.96,.92,.92,1,1,.97333,1,1,1,.91667,1,1,1,.88889,1,1,1,.75,1200.7026,32,1387.1697,60,1101.2535,9,1195.2411,9,1540.3178,7,1241.4486,15,1356.1,23,1462.2722,14,1077.9921,14,1143.2764,15,1099.404,17,1087.4347,46,1108.333,17,1233.02,15,1561.8727,26,1070.0862,25,1206.0856,9,900.0922,16,1055.0719,16,1055.0719,9,1557.3789,13,1157.5223,14,1203.9029,14,1320.9457,5,1084.208,1,1531.5,8,1038.3238,9,1486.3467,2,1093.04,2,1246.7,1,967.44,2,597.255,6,1943.6333,2,1099.25,3,784.87,5,1166.41,4,1485.655,5,1375.36,7,1012.0871,7,1151.2914,0, ,3,1215.2,0, ,3,1123.88,1,1567.5,0, ,2,1129.955,2,1778.7,6,1233.1967,3,1119.33,6,1099.831,4,1187.9775,10,1529.636,13,1410.4538,21,1029.891,25,1174.2244,13,1181.8262,38,1121.3326,9,1481.0956,7,1572.1297,8,961.6064,7,1592.6472,1,1,1022.5714,968.787,1071.4664,1087.412,850.162,1167.5783,956.132,1223.03766666667,1616.8311,545.3647,254.250666666667
A04,640,3,F,1,.98649,.95833,1,1,1,.91667,.94444,1,1,1,1,1,1,.85714,1,1,1,1,1,1,1,1,1,1,1,988.7006,31,932.3552,63,1016.4262,9,955.1078,9,919.6933,7,850.9443,14,949.1479,22,923.0473,15,1097.8153,16,973.47,15,1063.614,17,943.4053,48,990.9921,16,874.3681,15,994.208,27,894.7174,27,1130.1044,9,1040.5178,15,852.6453,15,852.6453,10,1138.322,14,986.34,14,824.9157,14,1042.7707,4,799.7125,1,891.74,8,884.5362,10,1245.209,2,848.515,2,855.435,1,817.51,2,1091.585,6,1154.15,2,754.905,3,1135.3067,6,886.645,4,778.62,5,933.452,7,762.4086,7,1051.5443,0, ,3,1114.04,1,1052.4,3,1212.32,1,1127.6,0, ,2,984.94,2,1285.36,6,1027.7917,3,809.74,6,1070.725,5,1161.258,10,945.204,12,904.5833,21,932.1167,27,1036.7841,13,1130.3662,41,975.0105,8,988.1863,7,1034.5866,8,769.6027,7,1034.7397,1,1,648.579,629.466,665.9545,641.542,617.39,627.93,711.584,777.745833333333,993.114,327.1595,148.279833333333
A06,295,3,F,1,.99324,1,1,1,1,1,1,.99,.96,1,1,1,1,1,1,1,1,1,1,1,.88889,1,1,1,1,842.243,32,749.2672,62,890.2305,9,721.1367,9,722.9289,7,725.3314,15,827.1353,23,760.2748,14,840.4271,16,944.0756,15,954.4447,17,823.9076,48,904.7565,17,667.1794,15,842.3,26,874.2492,27,925.3837,9,830.9389,16,725.0438,16,725.0438,10,891.207,13,831.4446,14,833.075,14,908.3286,5,609.16,1,1159.2,8,824.7987,10,922.328,2,588.3,2,700.685,1,779.91,2,989.715,6,828.55,2,814.485,3,938.9233,6,915.445,4,635.7475,5,827.612,7,922.7971,7,1003.0571,0, ,3,735.0267,1,1124,2,741.03,1,742.61,0, ,2,958.935,2,778.57,6,687.3817,3,788.6467,5,835.968,5,932.114,10,792.719,13,735.3177,21,862.4914,27,937.6293,13,734.8362,40,954.0743,9,655.9909,7,912.7359,8,678.5763,7,909.6258,1,1,597.3571,553.278,637.4291,575.066,531.49,606.4933,674.552,686.464166666667,938.454,301.0249,133.186166666667
A07,241,3,F,2,.97297,.97917,1,1,.91667,1,.97222,.97,1,.92,.96,1,.96,1,1,1,1,1,1,1,1,1,1,1,1,562.9751,32,676.7856,63,505.1665,9,672.8478,9,754.1533,7,563.0943,15,571.3027,23,678.3265,15,467.1573,16,521.8537,15,539.318,17,492.8647,48,517.0444,17,533.3324,15,839.366,27,503.5119,27,538.9722,9,408.7133,16,528.1275,16,528.1275,10,622.574,14,544.8957,14,470.2064,14,672.1021,5,485.864,1,1320.9,8,548.1925,10,592.465,2,587.365,2,470.1,1,460.45,2,466.4,6,685.415,2,586.905,3,497.92,6,510.4833,4,491.5475,5,919.76,7,447.6971,7,547.7114,0, ,3,601.8667,1,619.49,3,528.7433,1,517,0, ,2,482.91,2,488.325,6,582.8883,3,852.7667,6,502.0833,5,505.788,10,599.314,13,739.1054,21,486.8552,27,540.5248,13,507.5408,41,525.5863,9,519.16,7,1165.4715,8,549.2292,7,1175.9028,1,1,372.4133,393.682,353.0782,409.488,377.876,357.5067,347.764,521.438833333333,975.358333333333,622.280133333333,127.756833333333
A08,300,3,F,1,.96622,.97917,.91667,1,1,1,1,.96,.92,.92,1,1,.97333,1,1,1,.91667,.8,1,1,1,1,1,1,1,1158.7745,31,1262.4213,62,1106.9511,8,1398.3675,9,1220.13,7,952.63,15,1298.0573,23,1215.1357,15,1250.7173,15,902.0233,15,1165.488,17,1109.2671,47,1061.0683,16,1336.1713,15,1183.7547,27,1189.4422,26,1089.5658,9,909.7022,16,1266.7906,16,1266.7906,10,1338.289,14,1442.4421,13,1002.3723,14,1023.5264,5,1445.754,1,1903.8,8,1160.11,9,1048.31,2,1076.9,2,1134.265,1,1605.2,2,1255.65,6,1353.6617,2,1012.185,3,1276.2067,6,1401.4017,4,1055.1725,5,889.704,7,887.1071,7,1110.9886,0, ,3,1917.0367,1,1432.3,3,1336.7667,0, ,0, ,2,1300.2,2,1051.965,5,1580.982,3,1094.01,6,1369.316,5,1209.506,10,1199.728,13,1226.9877,21,1142.95,26,994.9331,12,1055.2317,41,1165.3871,8,1364.8119,7,1516.8476,8,1299.0292,7,1504.1113,1,1,939.3214,900.981,974.1764,939.764,862.198,881.9733,1084.82,1171.03716666667,1382.38856666667,408.212166666667,270.056166666667
A09,337,3,M,2,.97973,1,1,1,1,.95833,1,.97,1,.96,.96,.96,.96,1,1,1,.94118,1,1,1,1,1,1,1,1,755.7344,31,698.6884,60,785.2082,9,711.5044,5,645.57,9,781.45,16,709.8319,22,693.4455,13,827.9662,15,768.19,16,820.4013,16,731.2287,47,773.3815,16,601.3781,15,802.486,26,652.4292,27,939.0933,7,684.83,12,679.1958,12,679.1958,7,780.3143,11,731.65,15,544.11,14,935.8721,4,568.8525,3,709.98,7,755.9557,14,909.85,1,583.25,2,769.53,0, ,2,1210.75,3,755.7567,1,647.82,2,814.685,7,679.6871,6,512.51,5,972.06,7,536.44,6,910.1433,1,779.4,2,923.13,1,786.16,1,796.26,1,584.98,1,461.32,1,746.53,2,1159.865,5,724.752,4,694.945,4,655.8275,5,1105.478,10,762.26,12,636.1,19,694.2837,28,827.055,17,787.7394,36,803.5308,8,608.1649,7,1025.6936,8,597.2091,7,1017.378,1,1,539.663,457.461,621.865,465.084,449.838,657.308,586.422,576.394166666667,812.5989,190.7339,118.933166666667
A10,344,3,M,1,.93243,.97917,1,1,.91667,.95833,.97222,.91,.8,.92,1,.92,.94667,1,1,1,.83333,1,1,1,1,1,1,1,1,684.7892,32,791.4419,61,628.8403,9,840.4367,9,726.3767,7,555.5414,14,799.5421,23,772.27,15,667.5607,15,661.4927,15,605.0813,16,584.2025,46,616.2141,17,679.84,15,917.924,27,586.5159,25,702.278,9,551.82,16,631.0088,16,631.0088,10,856.51,14,694.0557,14,541.4493,14,797.0757,5,559.91,1,967.82,8,645.9887,8,768.4212,2,766.155,2,640.37,1,596.37,2,602.55,6,912.0233,2,656.1,3,720.71,6,591.15,4,479.7925,5,1058.266,7,495.45,7,641.1686,0, ,3,1022.9533,1,930.83,3,596.2733,1,925.19,0, ,2,633.89,2,689.775,6,921.06,3,679.19,6,608.8283,5,703.096,10,863.8,13,701.8623,21,548.3767,25,673.1976,13,597.8892,39,656.9313,9,707.255,7,1344.1612,8,643.6224,7,1336.7936,1,1,474.2586,451.56,494.8936,454.512,448.608,508.8967,478.09,565.2675,979.369766666667,484.476166666667,113.7075
A23,337,3,M,1,.90541,.83333,.75,.91667,.75,.91667,.86111,.94,.92,.96,.96,.92,.94667,.57143,1,1,.91667,.4,1,.8,1,1,.66667,.83333,1,897.7266,24,976.5446,59,865.6651,6,882.9,8,1009.2888,4,832.86,13,909.6385,18,1007.7594,15,926.3493,15,1072.0527,14,756.0607,15,700.8907,44,844.9773,10,881.772,14,1044.2393,27,812.7389,23,987.1748,9,713.9189,13,950.1792,13,950.1792,9,1163.95,13,829.7638,11,692.9464,11,871.6573,3,1205.1167,1,2192.9,8,900.3363,9,929.36,1,778.37,2,771.49,1,755.92,2,988.115,5,1006.13,2,733.785,3,1458.9333,6,770.5983,2,853.74,5,825.144,7,584.0143,4,846.835,0, ,2,624.475,1,1068.1,3,1148.94,0, ,0, ,2,913.415,2,1037.585,3,675.7733,3,1090.0267,6,1004.928,5,1023.9,8,826.945,10,1152.411,18,687.6489,26,953.8969,10,691.362,40,943.3837,2,1216.625,6,1509.1598,8,794.2628,6,1517.9838,1,.97727,535.4962,507.941,560.5464,442.638,573.244,538.79,586.654,970.0571,1031.7518,471.2054,462.1161
