ID,Month,age,gender,targetset,accuracy,Paccu,P1accu,P2accu,P3accu,P4accu,P234accu,Maccu,M1accu,M2accu,M3accu,M4accu,M234accu,PVaccu,PAaccu,MVaccu,MAaccu,PVsingAccu,PAsingAccu,MVsingAccu,MAsingAccu,PV2Vaccu,MV2Vaccu,PA2Vaccu,MA2Vaccu,PA2Aaccu,MA2Aaccu,PV2Aaccu,MV2Aaccu,rtmean,Pno,Prt,Mno,Mrt,P1no,P1rt,P2no,P2rt,P3no,P3rt,P4no,P4rt,P234no,P234rt,M1no,M1rt,M2no,M2rt,M3no,M3rt,M4no,M4rt,M234no,M234rt,PVno,PVrt,PAno,PArt,MVno,MVrt,MAno,MArt,MAVno,MAVrt,Vsingno,Vsingrt,Asingno,Asingrt,V2Ano,V2Art,A2Vno,A2Vrt,V2Vno,V2Vrt,A2Ano,A2Art,PVsingno,PVsingrt,PAsingno,PAsingrt,MVsingno,MVsingrt,MAsingno,MAsingrt,P1Vsingno,P1Vsingrt,P1Asingno,P1Asingrt,M1Vsingno,M1Vsingrt,M1Asingno,M1Asingrt,PV2Ano,PV2Art,PA2Vno,PA2Vrt,MV2Ano,MV2Art,MA2Vno,MA2Vrt,PV2Vno,PV2Vrt,PA2Ano,PA2Art,MV2Vno,MV2Vrt,MA2Ano,MA2Art,P1V2Ano,P1V2Art,P1A2Vno,P1A2Vrt,M1V2Ano,M1V2Art,M1A2Vno,M1A2Vrt,P1V2Vno,P1V2Vrt,P1A2Ano,P1A2Art,M1V2Vno,M1V2Vrt,M1A2Ano,M1A2Art,P1Vno,P1Vrt,P1Ano,P1Art,M1Vno,M1Vrt,M1Ano,M1Art,PRrno,PRrrt,PRsno,PRsrt,MRrno,MRrrt,MRsno,MRsrt,crossno,crossrt,nocrossno,nocrossrt,T1Vno,T1Vrt,T1Ano,T1Art,T2Vno,T2Vrt,T2Ano,T2Art,PModShift,MModShift,PModRep,MModRep,Cum70,Cum75,filter_$,MAVaccu
A01,417,3,F,1,.99324,1,1,1,1,1,1,.99,.96,1,1,1,1,1,1,1,1,1,1,1,1,1,1,1,1,1,1,1,1,796.2234,32,706.7462,63,841.6721,9,786.3178,9,708.52,7,638.2514,15,778.2693,23,675.6096,15,806.24,16,931.6969,15,850.2807,17,780.6106,48,852.7446,17,709,15,704.192,27,817.3763,27,875.8011,9,812.1722,16,712.3837,16,712.3837,10,785.844,14,856.4707,14,766.6736,14,819.1729,5,655.196,1,618,8,778.9412,10,1004.536,2,679.435,2,630.75,1,531.76,2,508.7,6,763.35,2,656.055,3,677.2133,6,824.3717,4,640.025,5,638.546,7,800.7114,7,974.1929,0, ,3,905.9533,1,1246.7,3,1004.7967,1,828.08,0, ,2,870.135,2,728.17,6,817.4683,3,724.0167,6,881.07,5,744.088,10,651.689,13,694.01,21,785.6324,27,904.943,13,835.2385,41,850.1876,9,744.3438,7,739.8588,8,667.1535,7,738.4423,709.7025,750.7925,639.2855,887.45215,.950399492489711,.890383733359333,1,1
A02,358,3,F,2,.98649,1,1,1,1,1,1,.98,.96,.96,1,1,.98667,1,1,1,1,1,1,1,1,1,1,1,1,1,1,1,1,800.4378,32,733.0969,63,834.6427,9,741.8,9,761.0244,7,668.8429,15,774.2413,23,729.6913,15,1014.4687,16,795.035,15,736.7607,17,799.6171,48,778.4471,17,668.6888,15,806.0927,27,811.5419,27,911.0781,9,674.6389,16,837.9731,16,837.9731,10,965.358,14,814.8643,14,604.5479,14,835.0714,5,706.254,1,705.18,8,907.1975,10,946.007,2,739.31,2,798.16,1,1140.1,2,885.245,6,974.9617,2,595.585,3,802.2033,6,675.0633,4,558.515,5,654.29,7,618.9329,7,859.2729,0, ,3,783.3,1,1397.2,3,1272.2167,1,582.69,0, ,2,657.195,2,1202.32,6,735.2017,3,754.9967,6,1045.19,5,1114.466,10,703.815,13,749.5962,21,717.0924,27,826.1674,13,1000.2915,41,817.2427,9,644.3332,7,951.1826,8,692.5991,7,954.8117,785.27335,738.6333,606.4025,739.1029,.950399492489711,.890383733359333,1,1
A03,231,3,F,1,.97297,1,1,1,1,1,1,.96,.92,.92,1,1,.97333,1,1,.96296,.92593,1,1,1,.91667,1,1,1,.88889,1,1,1,.75,1200.7026,32,1387.1697,60,1101.2535,9,1195.2411,9,1540.3178,7,1241.4486,15,1356.1,23,1462.2722,14,1077.9921,14,1143.2764,15,1099.404,17,1087.4347,46,1108.333,17,1233.02,15,1561.8727,26,1070.0862,25,1206.0856,9,900.0922,16,1055.0719,16,1055.0719,9,1557.3789,13,1157.5223,14,1203.9029,14,1320.9457,5,1084.208,1,1531.5,8,1038.3238,9,1486.3467,2,1093.04,2,1246.7,1,967.44,2,597.255,6,1943.6333,2,1099.25,3,784.87,5,1166.41,4,1485.655,5,1375.36,7,1012.0871,7,1151.2914,0, ,3,1215.2,0, ,3,1123.88,1,1567.5,0, ,2,1129.955,2,1778.7,6,1233.1967,3,1119.33,6,1099.8317,4,1187.9775,10,1529.636,13,1410.4538,21,1029.891,25,1174.2244,13,1181.8262,38,1121.3326,9,1473.1761,7,1594.4109,8,962.8976,7,1604.9621,1521.44165,975.64,1430.5075,1081.68925,.950399492489711,.890383733359333,1,1
A04,640,3,F,1,.98649,.95833,1,1,1,.91667,.94444,1,1,1,1,1,1,.94118,1,1,1,.85714,1,1,1,1,1,1,1,1,1,1,1,988.7006,31,932.3552,63,1016.4262,9,955.1078,9,919.6933,7,850.9443,14,949.1479,22,923.0473,15,1097.8153,16,973.47,15,1063.614,17,943.4053,48,990.9921,16,874.3681,15,994.208,27,894.7174,27,1130.1044,9,1040.5178,15,852.6453,15,852.6453,10,1138.322,14,986.34,14,824.9157,14,1042.7707,4,799.7125,1,891.74,8,884.5362,10,1245.209,2,848.515,2,855.435,1,817.51,2,1091.585,6,1154.15,2,754.905,3,1135.3067,6,886.645,4,778.62,5,933.452,7,762.4086,7,1051.5443,0, ,3,1114.04,1,1052.4,3,1212.32,1,1127.6,0, ,2,984.94,2,1285.36,6,1027.7917,3,809.74,6,1070.725,5,1161.258,10,945.204,12,904.5833,21,932.1167,27,1036.7841,13,1130.3662,41,975.0105,8,977.0206,7,1028.5572,8,768.7777,7,1032.7091,954.5275,1010.97585,856.036,906.97645,.950399492489711,.890383733359333,1,1
A05,271,3,F,2,.97973,1,1,1,1,.95833,1,.97,.92,1,1,.96,.98667,1,1,1,1,1,1,1,1,1,1,1,1,1,1,1,1,929.2181,32,1078.4256,63,853.4302,9,1000.7,9,1134.2633,7,785.3686,15,1082.8907,23,1108.84,15,929.1113,16,850.6956,15,828.6127,17,811.1241,48,829.7798,17,1082.2247,15,1074.12,27,851.0026,27,921.463,9,656.6144,16,881.5275,16,881.5275,10,1046.725,14,893.8914,14,1053.9979,14,1057.8871,5,996.344,1,1086.3,8,871.3825,10,1009.598,2,728.825,2,736.68,1,694.01,2,603.195,6,1315.2733,2,668.185,3,605.8933,6,784.3783,4,1368.35,5,946.778,7,843.33,7,882.0371,0, ,3,1361.6933,1,757.93,3,795.5867,1,1063.6,0, ,2,1157.83,2,1951.135,6,1101.055,3,799.99,6,899.405,5,1173.318,10,1142.723,13,1082.7762,21,765.6852,27,879.6311,13,1043.5108,41,836.3641,9,1247.0511,7,1230.5291,8,901.5624,7,1227.0181,991.72915,695.1358,1157.564,862.68355,.950399492489711,.890383733359333,1,1
A06,295,3,F,1,.99324,1,1,1,1,1,1,.99,.96,1,1,1,1,1,1,.96296,1,1,1,1,1,1,1,1,.88889,1,1,1,1,842.243,32,749.2672,62,890.2305,9,721.1367,9,722.9289,7,725.3314,15,827.1353,23,760.2748,14,840.4271,16,944.0756,15,954.4447,17,823.9076,48,904.7565,17,667.1794,15,842.3,26,874.2492,27,925.3837,9,830.9389,16,725.0438,16,725.0438,10,891.207,13,831.4446,14,833.075,14,908.3286,5,609.16,1,1159.2,8,824.7987,10,922.328,2,588.3,2,700.685,1,779.91,2,989.715,6,828.55,2,814.485,3,938.9233,6,915.445,4,635.7475,5,827.612,7,922.7971,7,1003.0571,0, ,3,735.0267,1,1124,2,741.03,1,742.61,0, ,2,958.935,2,778.57,6,687.3817,3,788.6467,5,835.968,5,932.114,10,792.719,13,735.3177,21,862.4914,27,937.6293,13,734.8362,40,954.0743,9,654.7326,7,913.101,8,677.0282,7,913.8359,821.5175,927.18415,731.67975,962.9271,.950399492489711,.890383733359333,1,1
A07,241,3,F,2,.97297,.97917,1,1,.91667,1,.97222,.97,1,.92,.96,1,.96,1,1,1,1,1,1,1,1,1,1,1,1,1,1,1,1,562.9751,32,676.7856,63,505.1665,9,672.8478,9,754.1533,7,563.0943,15,571.3027,23,678.3265,15,467.1573,16,521.8537,15,539.318,17,492.8647,48,517.0444,17,533.3324,15,839.366,27,503.5119,27,538.9722,9,408.7133,16,528.1275,16,528.1275,10,622.574,14,544.8957,14,470.2064,14,672.1021,5,485.864,1,1320.9,8,548.1925,10,592.465,2,587.365,2,470.1,1,460.45,2,466.4,6,685.415,2,586.905,3,497.92,6,510.4833,4,491.5475,5,919.76,7,447.6971,7,547.7114,0, ,3,601.8667,1,619.49,3,528.7433,1,517,0, ,2,482.91,2,488.325,6,582.8883,3,852.7667,6,502.0833,5,505.788,10,599.314,13,739.1054,21,486.8552,27,540.5248,13,507.5408,41,525.5863,9,517.4722,7,1162.0676,8,547.1644,7,1179.2408,636.16,504.20165,705.65375,497.70425,.950399492489711,.890383733359333,1,1
A08,300,3,F,1,.96622,.97917,.91667,1,1,1,1,.96,.92,.92,1,1,.97333,.94118,1,1,.96296,1,1,1,.91667,.8,1,1,1,1,1,1,1,1158.7745,31,1262.4213,62,1106.9511,8,1398.3675,9,1220.13,7,952.63,15,1298.0573,23,1215.1357,15,1250.7173,15,902.0233,15,1165.488,17,1109.2671,47,1061.0683,16,1336.1713,15,1183.7547,27,1189.4422,26,1089.5658,9,909.7022,16,1266.7906,16,1266.7906,10,1338.289,14,1442.4421,13,1002.3723,14,1023.5264,5,1445.754,1,1903.8,8,1160.11,9,1048.31,2,1076.9,2,1134.265,1,1605.2,2,1255.65,6,1353.6617,2,1012.185,3,1276.2067,6,1401.4017,4,1055.1725,5,889.704,7,887.1071,7,1110.9886,0, ,3,1917.0367,1,1432.3,3,1336.7667,0, ,0, ,2,1300.2,2,1051.965,5,1580.982,3,1094.01,6,1369.3167,5,1209.506,10,1199.728,13,1226.9877,21,1142.95,26,994.9331,12,1055.2317,41,1165.3871,8,1350.6836,7,1517.5076,8,1302.8652,7,1501.263,1182.92335,1338.8042,972.43825,999.04785,.950399492489711,.890383733359333,1,1
A09,337,3,M,2,.97973,1,1,1,1,.95833,1,.97,1,.96,.96,.96,.96,1,1,1,.96429,1,1,1,.94118,1,1,1,1,1,1,1,1,755.7344,31,698.6884,60,785.2082,9,711.5044,5,645.57,9,781.45,16,709.8319,22,693.4455,13,827.9662,15,768.19,16,820.4013,16,731.2287,47,773.3815,16,601.3781,15,802.486,26,652.4292,27,939.0933,7,684.83,12,679.1958,12,679.1958,7,780.3143,11,731.65,15,544.11,14,935.8721,4,568.8525,3,709.98,7,755.9557,14,909.85,1,583.25,2,769.53,0, ,2,1210.75,3,755.7567,1,647.82,2,814.685,7,679.6871,6,512.51,5,972.06,7,536.44,6,910.1433,1,779.4,2,923.13,1,786.16,1,796.26,1,584.98,1,461.32,1,746.53,2,1159.865,5,724.752,4,694.945,4,655.8275,5,1105.478,10,762.26,12,636.1,19,694.2837,28,827.055,17,787.7394,36,803.5308,8,603.0635,7,1019.4179,8,595.9949,7,1009.3636,701.78835,747.18605,742.285,723.29165,.950399492489711,.890383733359333,0,1
A10,344,3,M,1,.93243,.97917,1,1,.91667,.95833,.97222,.91,.8,.92,1,.92,.94667,1,1,1,.92593,1,1,1,.83333,1,1,1,1,1,1,1,1,684.7892,32,791.4419,61,628.8403,9,840.4367,9,726.3767,7,555.5414,14,799.5421,23,772.27,15,667.5607,15,661.4927,15,605.0813,16,584.2025,46,616.2141,17,679.84,15,917.924,27,586.5159,25,702.278,9,551.82,16,631.0088,16,631.0088,10,856.51,14,694.0557,14,541.4493,14,797.0757,5,559.91,1,967.82,8,645.9887,8,768.4212,2,766.155,2,640.37,1,596.37,2,602.55,6,912.0233,2,656.1,3,720.71,6,591.15,4,479.7925,5,1058.266,7,495.45,7,641.1686,0, ,3,1022.9533,1,930.83,3,596.2733,1,925.19,0, ,2,633.89,2,689.775,6,921.06,3,679.19,6,608.8283,5,703.096,10,863.8,13,701.8623,21,548.3767,25,673.1976,13,597.8892,39,656.9313,9,708.3468,7,1318.4208,8,641.0843,7,1316.6139,784.06165,655.93,769.02925,568.3093,.950399492489711,.890383733359333,1,1
A11,495,3,F,2,.98649,1,1,1,1,1,1,.98,1,.96,.96,1,.97333,1,1,1,1,1,1,1,1,1,1,1,1,1,1,1,1,513.7053,32,554.1116,63,493.1814,9,650.3889,9,546.6244,7,482.3786,15,510.3473,23,516.4378,15,488.5687,16,466.2656,15,517.0587,17,501.5159,48,494.6229,17,537.6771,15,572.7373,27,471.9063,27,517.6167,9,483.7011,16,480.6706,16,480.6706,10,532.49,14,507.3364,14,506.3243,14,500.695,5,533.598,1,495.39,8,452.4625,10,574.867,2,495.945,2,576.805,1,411.15,2,460.915,6,531.26,2,472.07,3,579.7033,6,474.4333,4,527.9225,5,494.26,7,465.15,7,517.1686,0, ,3,594.2633,1,398.23,3,509.7267,1,642.01,0, ,2,539.395,2,459.125,6,569.4483,3,812.27,6,503.1867,5,447.662,10,473.773,13,549.2569,21,490.9119,27,497.5093,13,500.7792,41,492.8534,9,583.6371,7,684.6869,8,485.7127,7,688.5351,501.665,527.0683,511.09125,491.1593,.950399492489711,.890383733359333,1,1
A12,281,3,F,1,.9527,.91667,.83333,.91667,1,.95833,.94444,.97,1,1,.92,.96,.96,.76471,1,1,.96296,.85714,1,1,1,.6,1,.8,1,1,.88889,1,1,1392.5624,28,1094.2668,62,1527.2766,7,930.1843,8,996.92,7,1282.3457,14,1466.3779,21,1148.961,15,1388.6,16,1562.91,15,1646.4333,16,1509.9431,47,1571.5351,13,1106.5492,15,1083.622,27,1593.1263,26,1565.0669,9,1220.5556,15,1266.37,15,1266.37,10,1356.047,13,1571.09,12,1498.3192,13,1342.0185,4,1248.385,1,1431.3,8,1353.5763,10,1526.18,2,869,2,895.26,1,1435.4,2,1164.75,6,1130.7283,2,990.27,3,1912.6333,6,1814.8,3,1177.5433,5,1081.16,7,1725.7,6,1455.0733,0, ,2,1070.215,1,1038.2,3,1804.8,0, ,0, ,2,1183.65,2,1655,4,969.6075,3,877.62,6,1536.1833,5,1335.54,10,1145.664,11,1151.9582,20,1653.3595,27,1510.9244,13,1485.9777,40,1609.711,5,1329.508,7,1153.9234,8,969.3832,7,1158.9453,1060.49915,1863.71665,1129.35165,1590.38665,.950399492489711,.890383733359333,1,1
A13,246,3,F,2,1,1,1,1,1,1,1,1,1,1,1,1,1,1,1,1,1,1,1,1,1,1,1,1,1,1,1,1,1,879.7242,32,976.3362,63,830.6514,9,981.1178,9,1026.0378,7,920.3143,15,948.4793,23,974.4652,15,901.5987,16,828.1313,15,742.9347,17,847.82,48,808.4804,17,870.7406,15,1096.0113,27,774.6667,27,938.8837,9,673.9089,16,843.9431,16,843.9431,10,1079.8,14,831.8857,14,754.9357,14,908.7393,5,1051.682,1,926.71,8,764.3213,10,984.459,2,773.29,2,1537.405,1,583.53,2,924.285,6,1100.0667,2,886.175,3,773.5333,6,744.8333,4,794.645,5,935.25,7,729.2414,7,880.8614,0, ,3,761.9233,1,1877,3,1039.76,1,760.9,0, ,2,762.465,2,940.035,6,765.5417,3,1412.27,6,871.29,5,1121.128,10,984.912,13,966.4292,21,762.9095,27,843.9244,13,830.8562,41,864.9934,9,834.086,7,1173.9209,8,917.0603,7,1176.0918,993.12085,759.1833,864.9475,805.0514,.950399492489711,.890383733359333,1,1
A14,241,3,F,1,.99324,1,1,1,1,.95833,1,.99,1,1,1,.96,.98667,1,1,1,1,1,1,1,1,1,1,1,1,1,1,1,1,672.1546,32,661.4175,63,677.6084,9,655.0844,9,656.6211,7,599.8457,15,662.9327,23,663.8957,15,771.108,16,634.1125,15,685.9087,17,628.7224,48,648.3898,17,633.8953,15,692.6093,27,637.9804,27,738.4467,9,613.9778,16,629.8356,16,629.8356,10,694.952,14,676.895,14,603.4136,14,757.5893,5,602.664,1,1183.9,8,651.0625,10,677.483,2,618.67,2,544.83,1,618.21,2,889.205,6,712.5783,2,569.585,3,656.2933,6,689.7717,4,649.4225,5,612.01,7,557.8514,7,707.1786,0, ,3,735.0167,1,705.17,3,664.56,1,583.65,0, ,2,680.745,2,1297.975,6,671.0067,3,623.24,6,662.23,5,1015.906,10,648.811,13,675.4992,21,625.31,27,666.3407,13,705.4485,41,682.7488,9,690.2644,7,810.8763,8,573.5064,7,810.3211,641.08165,673.0325,630.71625,632.515,.950399492489711,.890383733359333,1,1
A15,297,3,M,2,1,1,1,1,1,1,1,1,1,1,1,1,1,1,1,1,1,1,1,1,1,1,1,1,1,1,1,1,1,729.9996,32,760.7444,63,714.3832,9,794.1578,9,730.5189,7,777.1043,15,741.5093,23,747.6696,15,769.27,16,681.6344,15,676.3173,17,730.3635,48,697.231,17,749.1188,15,773.92,27,711.31,27,759.5378,9,588.1389,16,718.0562,16,718.0562,10,825.988,14,840.6414,14,620.1793,14,718.9714,5,687.678,1,864.85,8,723.14,10,778.616,2,810.155,2,743.965,1,645.08,2,657.145,6,809.445,2,999.905,3,772.0033,6,722.2533,4,647.135,5,689.628,7,575.95,7,726.57,0, ,3,811.6467,1,1087.2,3,1000.2367,1,653.03,0, ,2,704.645,2,765.735,6,784.7133,3,813.0467,6,842.5133,5,786.592,10,770.338,13,730.2323,21,675.2305,27,714.3426,13,742.7369,41,733.1051,9,711.0837,7,850.3873,8,800.6319,7,850.9574,904.675,747.1283,668.3815,651.26,.950399492489711,.890383733359333,1,1
A16,311,3,F,1,.97973,1,1,1,1,1,1,.97,.88,1,1,1,1,1,1,1,1,1,1,1,1,1,1,1,1,1,1,1,1,845.1464,32,851.1413,63,842.1014,9,696.6022,9,834.7656,7,833.4743,15,954.9853,23,911.613,15,738.1353,16,901.6775,15,903.9527,17,823.19,48,874.5908,17,741.4835,15,975.42,27,776.2307,27,958.6948,9,689.9333,16,696.9731,16,696.9731,10,977.533,14,847.9786,14,752.87,14,961.9171,5,770.714,1,1717,8,673.5263,10,1044.55,2,638.47,2,750.135,1,632.85,2,788.16,6,1025.6217,2,916.86,3,908.9567,6,1012.9633,4,720.2675,5,905.602,7,740.2714,7,1036.2286,0, ,3,681.0533,1,894.73,3,639.0133,1,716.76,0, ,2,880.225,2,842.615,6,672.81,3,744.1867,6,718.39,5,831.256,10,944.534,13,886.2892,21,911.3929,27,845.967,13,892.7085,41,859.458,9,737.1581,7,1221.8574,8,745.6968,7,1208.473,971.24085,960.96,812.93475,888.25,.950399492489711,.890383733359333,1,1
A17,367,3,F,2,1,1,1,1,1,1,1,1,1,1,1,1,1,1,1,1,1,1,1,1,1,1,1,1,1,1,1,1,1,672.8939,32,763.0497,63,627.1005,9,791.7011,9,747.52,7,652.56,15,736.9167,23,751.8383,15,654.2307,16,630.1294,15,587.3927,17,635.3476,48,618.6223,17,712.4782,15,820.364,27,606.7574,27,659.4037,9,591.22,16,681.965,16,681.965,10,812.273,14,678.5314,14,577.4071,14,669.4057,5,692.644,1,720.19,8,692.28,10,732.472,2,681.975,2,574.855,1,546.03,2,637.375,6,883.1083,2,613.09,3,607.36,6,591.82,4,652.4825,5,794.822,7,498.5843,7,588.4086,0, ,3,885.47,1,1002,3,688.6433,1,792.44,0, ,2,595.62,2,639.355,6,802.1333,3,770.8367,6,633.8667,5,711.092,10,786.42,13,725.2369,21,556.88,27,666.6441,13,607.0846,41,641.3232,9,747.2639,7,1085.8233,8,673.7742,7,1084.8344,748.09915,599.59,723.65225,543.49645,.950399492489711,.890383733359333,1,1
A18,361,3,F,1,.99324,1,1,1,1,.95833,1,.99,1,1,1,.96,.98667,1,1,1,1,1,1,1,1,1,1,1,1,1,1,1,1,890.14,32,796.8772,63,937.5116,9,790.24,9,745.4978,7,769.1171,15,967.2167,23,799.4743,15,926.1413,16,915.5031,15,969.302,17,940.2076,48,941.0648,17,803.5118,15,789.358,27,918.6293,27,995.2119,9,821.0578,16,830.2737,16,830.2737,10,875.482,14,941.7914,14,856.6593,14,987.0793,5,772.494,1,830.3,8,897.0262,10,998.965,2,676.465,2,593.975,1,892.77,2,764.5,6,806.79,2,747.3,3,979.5,6,959.6983,4,789.6725,5,840.222,7,883.3986,7,988.7257,0, ,3,987.2667,1,975.58,3,990.1633,1,829.21,0, ,2,910.77,2,1348.46,6,857.3233,3,656.0733,6,947.4667,5,1040.3,10,821.113,13,782.8292,21,938.7976,27,942.8281,13,947.7477,41,959.829,9,905.0532,7,932.8272,8,692.854,7,927.8979,777.045,969.59915,814.94725,936.06215,.950399492489711,.890383733359333,1,1
A19,357,3,F,2,.99324,1,1,1,1,1,1,.99,1,1,.96,1,.98667,1,1,1,.96296,1,1,1,.91667,1,1,1,1,1,1,1,1,888.3868,32,777.8334,62,945.4466,9,786.0833,9,803.2178,7,673.4871,15,889.7187,23,774.6052,15,848.4673,16,1009.5869,14,903.85,17,1004.9053,47,976.3974,17,743.2471,15,817.0313,27,893.2289,26,1019.7992,9,887.3033,16,831.2481,16,831.2481,10,873.305,14,833.0229,14,842.1493,14,876.2964,5,646.968,1,648.61,8,953.7562,9,1379.2611,2,657.99,2,736.75,1,1119.1,2,652.76,6,966.26,2,682.4,3,704.9167,6,772.6633,4,806.975,5,708.442,7,925.0471,7,969.7729,0, ,3,935.7333,1,820.74,3,951.4467,1,684.48,0, ,2,701.19,2,968.765,6,801.2767,3,755.6967,6,895.97,5,812.758,10,803.425,13,752.4362,21,887.4133,26,1048.2692,12,1206.3733,41,881.841,9,712.397,7,772.2916,8,781.6393,7,771.5035,824.33,738.79,757.7085,947.41,.950399492489711,.890383733359333,1,1
A20,449,3,F,1,.99324,.97917,1,1,1,.95833,.97222,1,1,1,1,1,1,1,.93333,1,1,1,1,1,1,1,1,1,1,1,1,.83333,1,857.0809,31,915.5819,63,828.2946,9,933.9344,9,895.26,7,889.9771,14,887.7486,22,908.0741,15,872.7447,16,812.7869,15,833.8047,17,798.8076,48,814.404,17,897.5635,14,937.4614,27,885.4993,27,826.8085,9,661.1389,16,856.0938,16,856.0938,9,958.3267,14,987.7114,14,831.5429,14,783.0186,5,789.26,1,1247.4,8,782.11,10,869.204,2,1079.61,2,778.3,1,1335.1,2,1004.24,5,988.442,2,791.645,3,947.5367,6,982.6783,4,986.22,5,862.71,7,749.8686,7,785.41,0, ,3,910.9633,1,840.12,3,1205.2367,1,892,0, ,2,777.82,2,575.42,6,964.0183,3,873.7667,6,1084.4083,5,799.888,9,894.5756,13,917.4192,21,845.309,27,790.3667,13,849.1054,41,858.3888,9,995.4494,6,1144.614,8,784.3131,6,1139.9364,890.0435,965.1075,924.465,767.6393,.950399492489711,.890383733359333,1,1
A21,350,3,M,1,.95946,.875,.83333,.91667,.91667,.91667,.88889,1,1,1,1,1,1,1,.54545,1,1,1,.6,1,1,1,1,1,1,0,1,.6,1,1024.1364,23,931.9191,63,1057.803,6,1029.685,4,1005.7825,6,990.9183,17,979.4494,17,897.4135,16,1081.8625,15,904.426,16,1079.8206,16,1155.5169,47,1049.6126,17,914.9124,6,980.105,25,970.7924,29,1225.5097,9,759.1111,16,804.96,16,804.96,13,1100.3085,14,1140.9157,10,967.197,5,888.004,5,749.554,3,1221.2267,7,800.02,6,1811.0683,1,1143.9,0, ,3,795.85,4,873.845,2,767.085,3,1067.3367,8,1237.0262,7,905.3657,4,777.1,0, ,3,1222.1133,4,940.725,1,682.78,1,1454.2,2,1095.425,3,1659.6833,3,965.7433,0, ,0, ,1,677.12,5,1099.066,1,682.78,7,1151.9143,8,1031.9813,6,755.3983,11,974.8764,20,1023.097,27,1069.2537,30,968.5097,24,1281.4292,8,1073.2132,1,2356.6,9,771.4683,1,2356.6,917.21085,1071.19595,777.1,1081.41915,.950399492489711,.890383733359333,0,1
A22,546,3,M,2,.97973,.95833,.91667,1,.91667,1,.97222,.99,1,1,1,.96,.98667,1,1,1,1,1,1,1,1,1,1,1,1,1,1,1,1,492.8099,32,509.9844,63,484.0863,9,498.5911,9,551.1233,7,482.2414,15,541.5847,23,514.4426,15,414.8187,16,479.2288,15,496.3987,17,538.9129,48,505.7325,17,450.4935,15,577.4073,27,454.6574,27,541.1267,9,401.2522,16,476.7,16,476.7,10,567.816,14,448.5521,14,430.515,14,495.295,5,451.524,1,606.27,8,521.0663,10,643.562,2,410.23,2,503.34,1,380.59,2,518.725,6,614.97,2,438.86,3,499.0333,6,467.5167,4,471.6025,5,502.868,7,421.8586,7,526.3486,0, ,3,468.81,1,491.24,3,396.8267,1,409.75,0, ,2,389.02,2,367.675,6,439.44,3,616.8933,6,391.5183,5,452.808,10,486.448,13,535.9769,21,475.8605,27,528.9663,13,508.6723,41,494.4739,9,454.3662,7,604.7816,8,446.8561,7,609.0641,526.915,483.275,487.23525,474.1036,.950399492489711,.890383733359333,1,1
A23,337,3,M,1,.90541,.83333,.75,.91667,.75,.91667,.86111,.94,.92,.96,.96,.92,.94667,.58824,.93333,1,.85185,.57143,1,1,.91667,.4,1,.8,1,1,.66667,.83333,1,897.7266,24,976.5446,59,865.6651,6,882.9,8,1009.2888,4,832.86,13,909.6385,18,1007.7594,15,926.3493,15,1072.0527,14,756.0607,15,700.8907,44,844.9773,10,881.772,14,1044.2393,27,812.7389,23,987.1748,9,713.9189,13,950.1792,13,950.1792,9,1163.95,13,829.7638,11,692.9464,11,871.6573,3,1205.1167,1,2192.9,8,900.3363,9,929.36,1,778.37,2,771.49,1,755.92,2,988.115,5,1006.13,2,733.785,3,1458.9333,6,770.5983,2,853.74,5,825.144,7,584.0143,4,846.835,0, ,2,624.475,1,1068.1,3,1148.94,0, ,0, ,2,913.415,2,1037.585,3,675.7733,3,1090.0267,6,1004.9283,5,1023.9,8,826.945,10,1152.411,18,687.6489,26,953.8969,10,691.362,40,943.3837,2,1216.625,6,1499.6288,8,796.2431,6,1521.6539,869.9575,1114.7658,839.442,715.42465,.950399492489711,.890383733359333,1,1
A24,303,3,M,2,1,1,1,1,1,1,1,1,1,1,1,1,1,1,1,1,1,1,1,1,1,1,1,1,1,1,1,1,1,867.1683,32,915.7341,63,842.5,9,976.5244,9,951.57,7,809.8357,15,869.0373,23,891.9465,15,829.9847,16,876.3294,15,822.584,17,839.2765,48,846.411,17,838.3524,15,1003.4333,27,787.8296,27,915.8493,9,786.4633,16,809.0337,16,809.0337,10,909.778,14,787.9743,14,824.8007,14,941.535,5,791.744,1,936.38,8,833.8613,10,973.397,2,827.27,2,1066.88,1,660.39,2,806.98,6,969.42,2,848.36,3,756.6533,6,726.8,4,833.0225,5,954.868,7,819.43,7,899.4343,0, ,3,923.4567,1,1011.3,3,734.5833,1,839.55,0, ,2,819.78,2,1055.555,6,877.41,3,1174.7533,6,750.6167,5,947.274,10,883.982,13,898.0731,21,816.7486,27,869.4819,13,986.5315,41,809.1322,9,835.3225,7,1103.4895,8,842.3204,7,1109.3211,908.89,741.72665,893.94525,859.43215,.950399492489711,.890383733359333,1,1
A25,275,3,M,1,1,1,1,1,1,1,1,1,1,1,1,1,1,1,1,1,1,1,1,1,1,1,1,1,1,1,1,1,1,893.1522,32,836.9278,63,921.7106,9,959.3511,9,809.96,7,728.5257,15,888.0333,23,789.023,15,939.7467,16,923.9844,15,904.2547,17,919.0588,48,916.0744,17,830.7353,15,843.946,27,890.0081,27,975.8496,9,854.4011,16,904.6819,16,904.6819,10,781.3,14,917.805,14,773.4671,14,894.7664,5,821.226,1,1187.5,8,978.2375,10,1081.442,2,913.83,2,838.25,1,715.22,2,885.34,6,757.445,2,790.46,3,763.66,6,878.085,4,700.3725,5,785.364,7,769.74,7,904.6586,0, ,3,1017.4933,1,977.35,3,982.4533,1,753.82,0, ,2,942.525,2,1133.65,6,938.9933,3,1000.0667,6,924.605,5,1003.066,10,729.352,13,834.9238,21,838.2052,27,976.6393,13,901.17,41,942.9988,9,854.2304,7,954.664,8,804.1925,7,951.0871,773.9525,820.8725,742.86825,837.1993,.950399492489711,.890383733359333,1,1
A26,244,3,M,2,.99324,1,1,1,1,1,1,.99,.96,1,1,1,1,1,1,1,1,1,1,1,1,1,1,1,1,1,1,1,1,812.7817,32,925.1591,63,755.7011,9,866.2678,9,1090.94,7,802.5686,15,786.416,23,948.2035,15,698.5533,16,746.745,15,804.4027,17,771.5829,48,773.5598,17,827.6565,15,1035.662,27,690.5633,27,849.3407,9,670.1956,16,745.8956,16,745.8956,10,842.118,14,763.23,14,721.13,14,976.1786,5,762.768,1,1324.9,8,794.1537,10,954.088,2,672.375,2,749.49,1,422.51,2,645.665,6,843.03,2,1099.165,3,640.7333,6,676.405,4,843.765,5,1207.674,7,593.9343,7,903.62,0, ,3,714.66,1,1440.8,3,761.4933,1,1194.2,0, ,2,684.51,2,651.395,6,780.4883,3,1037.8267,6,679.335,5,806.984,10,856.372,13,1018.8431,21,718.8957,27,816.0763,13,923.6162,41,721.2293,9,774.9431,7,1389.5611,8,882.0968,7,1396.9061,971.0975,658.56915,1025.7195,748.77715,.950399492489711,.890383733359333,1,1
M01,83,2,M,1,.93919,.95833,1,.91667,1,.91667,.94444,.93,.8,.96,1,.96,.97333,1,.93333,1,1,1,1,1,1,1,1,1,1,.83333,1,1,1,1399.8074,30,1179.0127,61,1508.3949,9,1102.9189,4,1251.445,9,1128.8722,16,1433.2,21,1211.6243,13,1544.0146,15,1502.3653,17,1512.6765,16,1480.5575,48,1498.7479,16,1074.2319,14,1298.7621,26,1443.0415,28,1611.4139,7,1339.06,12,1383.7458,12,1383.7458,7,1581.8414,11,1501.06,15,1220.484,13,1567.5923,4,1063.53,3,1000.49,7,1615.7757,15,1542.88,1,1040.4,2,1322.1,0, ,2,1530.9,3,1748.0333,1,957.4,2,1540.695,7,1480.4371,6,1152.0533,4,1268.675,7,1312.6486,6,1729.3,1,1164.2,2,1128.75,1,1583.2,1,2933.7,1,905.4,1,1054,1,1301,2,1937.1,5,1012.774,4,1215.6,4,1437.7225,5,1703.84,10,1318.274,11,1114.67,19,1480.7116,29,1510.5648,18,1374.3861,36,1608.3256,8,1151.1328,7,1316.0994,8,994.3857,7,1340.4517,1352.71665,1510.56605,1210.36415,1520.9743,.950399492489711,.890383733359333,0,1
M02,83,2,F,2,.98649,1,1,1,1,1,1,.98,.92,1,1,1,1,1,1,1,1,1,1,1,1,1,1,1,1,1,1,1,1,845.3502,32,844.1912,63,845.9389,9,996.6344,9,679.2356,7,838.7243,15,772.4087,23,784.5396,15,901.7387,16,909.3669,15,873.4627,17,712.7212,48,828.5015,17,877.6076,15,806.3193,27,836.9985,27,917.307,9,658.6556,16,930.2569,16,930.2569,10,951.259,14,900.6171,14,716.11,14,674.4936,5,822.398,1,459.13,8,978.0625,10,1226.301,2,1151.18,2,762.805,1,645.26,2,925.155,6,1005.2,2,876.11,3,790.9633,6,806.18,4,612.4975,5,647.976,7,568.0929,7,703.5129,0, ,3,1187.99,1,1108.5,3,818.4567,1,738.8,0, ,2,1430.05,2,639.22,6,1100.855,3,788.1933,6,993.455,5,847.45,10,882.115,13,709.4815,21,700.8238,27,927.8063,13,958.3562,41,851.4054,9,841.2917,7,920.4702,8,908.2069,7,918.7633,940.655,798.57165,630.23675,635.8029,.950399492489711,.890383733359333,1,1
M03,77,2,M,1,.95946,1,1,1,1,.95833,1,.94,.84,1,1,.92,.97333,1,1,1,.96296,1,1,1,.91667,1,1,1,1,1,1,1,1,1100.9844,32,1053.7447,62,1125.3661,9,855.0256,9,1094.9989,7,923.9686,14,1185.3321,23,1131.5043,15,1171.2827,16,1069.7313,15,1116.674,16,1146.1031,47,1110.7119,17,844.5941,15,1290.782,27,1065.1485,26,1251.0869,9,942.8256,16,1061.8063,16,1061.8063,10,1560.233,14,941.5586,14,924.7421,14,1118.1679,5,902.372,1,1694.5,8,1253.3963,9,1206.74,2,831.045,2,864.465,1,787.78,2,1175.76,6,1742.155,2,868.65,3,1292.2333,6,1006.75,4,796.66,5,888.274,7,930.0771,7,1164.48,0, ,3,821.14,1,1272.7,3,980.2,1,796.79,0, ,2,1226.21,2,1530.81,6,820.3833,3,924.31,6,1030.1333,5,1337.168,10,1163.41,13,1106.9615,21,1054.3157,26,1156.2627,13,1296.5531,40,1110.802,9,915.2598,7,1744.4756,8,773.0394,7,1753.3711,1305.4025,1149.49165,842.467,1047.27855,.950399492489711,.890383733359333,1,1
M04,75,2,F,2,.9527,.9375,.91667,1,.91667,.91667,.94444,.96,.92,.96,1,.96,.97333,.94118,.86667,1,.96296,.85714,1,1,.91667,1,1,1,1,1,1,.83333,1,1176.8032,29,1150.6276,62,1189.0466,8,1227.4588,9,1269.48,6,937.165,14,1220.8507,21,1121.3586,15,1326.8987,15,1046.254,15,1233.038,17,1154.59,47,1145.0513,16,1111.4856,13,1198.8023,27,1209.5604,26,1279.0177,9,867.5889,15,1267.698,15,1267.698,9,1238.7667,14,1274.2007,14,970.5443,14,1480.2629,4,1037.79,1,1279.9,8,1454.5625,9,1157.6444,2,1282.3,2,1110.835,1,663.21,2,991.8,5,1010.75,2,1068.35,3,1422.6167,6,999.085,4,974.4775,5,1405.822,7,932.3086,7,1383.8957,0, ,3,1379.6667,1,1827.3,3,1856.2,1,894.4,0, ,2,1134.575,2,2003.65,6,1266.3333,2,1110.835,6,1416.8267,5,1563.64,9,983.7056,12,1224.5983,21,1150.8662,26,1140.3546,12,1434.9783,41,1187.6305,8,1166.4725,5,1754.3484,8,1056.1308,5,1719.658,1039.55,1210.85085,1190.14975,1158.10215,.950399492489711,.890383733359333,1,1
M05,75,2,M,1,.93919,.9375,1,.91667,1,.83333,.91667,.94,.84,1,1,.92,.97333,1,.93333,1,1,1,1,1,1,1,1,1,1,.83333,1,1,1,1149.9653,30,1161.416,61,1144.3338,9,989.4533,4,1450.4325,9,1128.1044,16,1222.8412,21,1235.1143,13,1176.9231,15,1106.5393,17,1176.9976,16,1118.5819,48,1135.5075,16,1013.355,14,1330.6286,26,1069.9938,28,1254.9886,7,977.8343,12,1124.905,12,1124.905,7,1415.5471,11,1197.3227,15,926.252,13,1282.2546,4,1283.515,3,1299.3,7,1074.0486,15,1200.5733,1,846.46,2,1206.6,0, ,2,1435.32,3,1671.0067,1,1716.4,2,1442.75,7,1176.3157,6,818.7083,4,1315.9425,7,1038.8343,6,1176.7733,1,870.21,2,883.27,1,1140.1,1,1453.4,1,980.35,1,1170.7,1,729.34,2,1587.1,5,890.194,4,1113.5275,4,1017.54,5,1436.988,10,1110.371,11,1348.5173,19,1096.8189,29,1160.8552,18,1239.5961,36,1129.0775,8,1030.0585,7,1634.5537,8,984.8719,7,1659.5842,1693.70335,1309.53285,1067.3254,1107.8038,.950399492489711,.890383733359333,0,1
M06,80,2,M,2,.9527,1,1,1,1,1,1,.93,.76,.96,1,1,.98667,1,1,1,1,1,1,1,1,1,1,1,1,1,1,1,1,991.9599,32,884.4494,63,1046.5684,9,972.73,9,847.6333,7,793.5671,15,825.548,23,849.9048,15,990.84,16,1235.6119,15,1015.3853,17,945.3318,48,1063.9835,17,845.3071,15,928.8107,27,918.3796,27,1247.9752,9,826.9144,16,980.4731,16,980.4731,10,1019.685,14,929.6036,14,747.4607,14,1014.53,5,865.24,1,1032.5,8,1086.6487,10,1426.908,2,768.14,2,865.65,1,1131.9,2,1016.12,6,1012.5183,2,742.895,3,1058.2667,6,894.26,4,708.59,5,758.77,7,670.6971,7,1159.3643,0, ,3,1068.8667,1,946.94,3,985.5,1,980.99,0, ,2,977.11,2,1147.01,6,953.9783,3,1010.2333,6,1007.1033,5,1054.64,10,820.153,13,872.7908,21,959.1595,27,1145.5133,13,1133.4923,41,1067.2239,9,930.829,7,1072.1022,8,737.8475,7,1072.2242,877.70665,976.26335,733.68,915.0307,.950399492489711,.890383733359333,1,1
M07,81,2,M,2,.96622,.97917,1,1,1,.95833,.97222,.96,.92,1,.96,.96,.97333,1,.93333,1,1,1,1,1,1,1,1,1,1,.8,1,1,1,1014.606,31,1063.2284,63,990.6806,9,1267.2,9,1031.8678,7,942.5929,14,1038.5386,22,979.7855,15,963.134,16,1034.095,15,917.9827,17,1038.2712,48,999.289,17,1058.7406,14,1068.6779,27,902.4411,27,1140.6378,9,805.5278,16,990.8406,16,990.8406,10,1249.289,14,1042.5957,14,851.0507,13,799.8185,5,1153.124,1,945.55,8,888.5288,10,1501.292,2,1011.255,2,941.195,1,957.09,2,958.205,6,1205.4667,2,650.145,3,1287.3633,6,1042.6583,4,900.7925,4,676.9625,7,759.7214,7,824.91,0, ,3,1332.5667,1,1398,3,1014.1333,1,1309.3,0, ,2,842.095,2,957.71,6,1221.585,3,1358.43,6,947.28,5,1045.966,9,886.3778,13,1044.4523,21,868.9338,27,1100.6763,13,1052.6931,41,1011.6615,9,1221.9697,6,1519.0194,8,877.5973,6,1528.8843,927.80585,1165.0108,788.8775,792.3157,.950399492489711,.890383733359333,1,1
M08,75,2,M,1,.84459,.89583,.83333,1,1,.75,.91667,.82,.88,.76,.88,.76,.8,.88235,.86667,1,.77778,.85714,1,1,.66667,1,1,.8,1,.8,.77778,1,1,1204.8156,28,1233.8925,56,1190.2771,7,1436.75,9,1041.9278,7,1247.2571,11,1256.3164,21,1166.2733,15,1204.7673,13,1263.5723,15,1157.8967,13,1137.6246,41,1184.9759,15,1264.102,13,1199.0354,27,1084.1115,21,1417.2481,8,952.7875,15,1438.83,15,1438.83,10,1403.066,13,1042.9938,14,935.0836,11,1099.8073,4,1109.7475,1,2195.3,8,1429.3575,6,1765.6167,2,2031.55,2,1273.6,1,1645.5,2,1221.315,6,1244.21,2,1555.65,3,1395.4667,6,912.3817,4,975.2975,4,844.925,7,817.6386,5,1297.172,0, ,2,909.375,1,2379,3,1051.5267,1,1628.2,0, ,2,919.155,2,1116.16,5,1502.01,2,1273.6,6,1106.3983,5,1410.79,9,1207.5156,12,1135.3417,19,968.8216,22,1371.6545,12,1169.9217,36,1249.8378,7,1329.2382,5,1651.0296,8,1213.5087,5,1638.1582,1399.93,1153.9242,910.11125,1057.4053,.950399492489711,.890383733359333,1,.88889
M09,81,2,M,2,.93243,.97917,1,.91667,1,1,.97222,.91,.8,.84,1,1,.94667,1,1,.96296,1,1,1,1,1,1,.88889,1,1,1,1,1,1,1037.8182,32,889.5459,61,1115.6003,9,1021.7989,9,807.8756,7,857.8686,15,852.516,23,837.7948,15,1252.7387,14,1194.7929,15,1038.8373,17,997.1106,46,1070.8813,17,883.7171,15,896.152,26,1048.2888,27,1252.9619,8,870.7675,16,999.73,16,999.73,10,994.176,14,1035.9807,13,906.0992,14,1133.8307,5,904.868,1,714.67,8,1094.32,10,1323.303,2,966.505,2,906.92,1,783.77,2,1010.1,6,887.705,2,791.03,3,893.9767,6,843.9917,4,694.685,5,868.648,6,803.7083,7,1337.1729,0, ,3,1065.3133,1,1933.6,3,1553.9267,1,1009.1,0, ,2,1584.6,2,1085.09,6,1023.0083,3,1019.38,6,1435.7917,5,1224.796,10,828.584,13,844.88,21,982.8948,25,1144.79,13,1171.0815,40,1146.5355,9,990.3145,7,1013.2712,8,765.6105,7,1014.3998,839.3675,868.9842,781.6665,1070.4406,.950399492489711,.890383733359333,1,.88889
M10,78,2,F,1,.90541,.9375,1,.91667,1,.875,.91667,.89,.84,.88,.88,.96,.90667,1,.8,.92593,.74074,1,.66667,.88889,.75,1,1,1,.88889,1,.77778,.66667,.75,1532.7539,29,1455.0028,54,1574.5091,9,1741.5311,8,1187.1975,7,1279.97,12,1638.79,20,1326.065,13,1501.0831,13,1806.5177,12,1544.395,16,1468.2463,41,1597.7905,17,1307.1412,12,1664.4733,25,1314.2444,20,2040.6045,9,1261.6989,15,1191.5813,15,1191.5813,7,1855.4143,13,1507.36,14,1257.7221,12,1657.5,5,1076.458,0, ,7,1176.58,8,2478.4625,2,1645.05,2,1054.99,1,965.27,1,2215.8,4,1964.8,2,1096,3,1709.5667,5,1395.776,4,993.4025,5,1422.84,7,1146.8429,5,1853.92,0, ,3,1340.7333,0, ,3,2134.2,1,3361.2,0, ,2,1122.7,2,1753.1,6,1778.9167,3,1666.76,6,1602.2117,3,1907.3333,9,1557.67,11,1136.57,18,1429.1278,23,1729.7874,12,1523.1683,33,1678.4903,9,1437.0197,4,2233.5121,8,1151.0261,4,2246.2253,1530.4,1552.67135,1208.12125,1500.38145,.950399492489711,.890383733359333,1,1
M11,81,2,F,2,.95946,.97917,1,1,1,.91667,.97222,.95,.92,1,.92,.96,.96,1,1,.96154,.92857,1,1,1,.88235,1,.875,1,1,1,1,1,1,1335.0437,31,1028.4674,58,1498.9034,9,983.4122,5,1171.308,9,991.7689,15,1098.334,22,1046.8991,13,1561.2169,15,1505.5987,15,1727.38,15,1209.7267,45,1480.9018,16,985.6494,15,1074.14,25,1473.4164,26,1621.6888,7,1133.8686,12,1372.3217,12,1372.3217,7,1382.0357,11,1306.9018,14,1220.3143,14,1378.565,4,920.785,3,1156.1833,7,1710.15,13,1572.9762,1,813.67,2,1327.9,0, ,2,1364.405,3,1148.3167,1,664.06,2,1790.6,7,1416.4443,6,1167.805,5,952.85,6,1293.2833,6,1615.8833,1,869.8,2,1016.925,1,1778.3,1,1762.9,1,813.07,1,908.75,1,1504.8,2,1965.805,5,883.272,4,1108.5875,4,1634.55,5,1687.744,10,1002.355,12,1084.0192,18,1463.0756,27,1492.7859,15,1524.142,36,1559.3664,8,932.4364,7,1154.1425,8,1033.7306,7,1158.8038,906.18835,1603.52215,1060.3275,1454.5833,.950399492489711,.890383733359333,0,1
M12,81,2,M,1,.98649,1,1,1,1,1,1,.98,.92,1,1,1,1,1,1,1,.96296,1,1,1,1,1,1,1,1,1,1,1,.75,1453.6153,32,1296.2962,62,1534.8123,9,1357.8189,9,1339.5111,7,1280.1486,15,1316.934,23,1272.2222,14,1561.3143,16,1476.2669,15,1589.1833,17,1520.1141,48,1527.0825,17,1339.8318,15,1246.956,27,1711.3256,26,1474.7765,9,1178.7089,16,1543.3275,16,1543.3275,9,1316.3889,14,1853.1286,14,1310.4207,14,1368.4464,5,1260.208,1,1036.4,8,1768.9125,10,1517.23,2,1574.05,2,1372.3,1,1092.8,2,1984.75,6,1316.9817,2,1509.865,3,1315.2033,6,2117.0167,4,1361.475,5,1111.23,7,1302.87,7,1543.3571,0, ,3,1228.9567,0, ,3,2178.3667,1,1175.5,0, ,2,1302.2,2,1399.3,6,1335.0783,3,1403.3,6,1705.3833,4,1692.025,10,1266.667,13,1276.4954,21,1509.6138,27,1540.6693,13,1663.6954,40,1573.0485,9,1293.1807,7,1371.744,8,1386.3127,7,1380.4173,1413.42335,1716.11,1236.3525,1423.11355,.950399492489711,.890383733359333,1,1
M13,83,2,F,2,.95946,1,1,1,1,1,1,.94,.84,.96,.96,1,.97333,1,1,1,1,1,1,1,1,1,1,1,1,1,1,1,1,843.5478,32,805.375,63,862.9371,9,884.8978,9,782.4056,7,665.5271,15,879.57,23,774.2574,15,912.786,16,764.355,15,871.074,17,904.5565,48,847.3594,17,816.6088,15,792.6433,27,857.7352,27,928.8437,9,680.8233,16,818.195,16,818.195,10,824.623,14,981.2057,14,729.5143,14,838.9686,5,879.07,1,851.92,8,798.0375,10,1064.48,2,843.76,2,664.83,1,623.95,2,877.28,6,867.415,2,529.09,3,727.4567,6,865.7683,4,675.2775,5,719.374,7,686.7286,7,961.1771,0, ,3,1029.8567,1,859.37,3,1464.84,1,950.62,0, ,2,877.185,2,710.225,6,954.6183,3,745.4567,6,1128.8067,5,806.876,10,716.95,13,818.34,21,855.2929,27,841.1889,13,856.2715,41,905.0268,9,966.0079,7,926.6795,8,644.5218,7,921.3991,698.2525,796.6125,697.32575,823.95285,.950399492489711,.890383733359333,1,1
M14,81,2,M,1,.96622,1,1,1,1,.95833,1,.95,.92,.92,1,.96,.96,1,1,1,.96296,1,1,1,1,1,1,1,1,1,1,1,.75,1249.0573,32,1167.7991,62,1290.9971,9,1152.7422,9,1185.7511,7,1049.68,15,1248.9727,23,1173.6909,15,1358.5533,15,1345.2453,15,1240.0127,17,1228.5088,47,1269.4366,17,980.4541,15,1380.1233,27,1260.8393,26,1412.8704,9,1029.3922,16,1265.25,16,1265.25,9,1642.1889,14,1297.8679,14,878.3021,14,1294.87,5,997.076,1,1245.9,8,1567.95,10,1426.15,2,787.96,2,1481.85,1,1139.1,2,1347.4,6,1654.8167,2,1241.41,2,1213.55,6,991.505,4,720.36,5,1094.09,7,896.6129,7,1510.5143,0, ,3,1274.2667,1,2423.7,3,1971.8333,1,919.36,0, ,2,1109.57,2,1042.065,6,1053.0133,3,1352.2,6,1545.6233,5,1440.526,10,1234.045,13,1127.2646,21,1143.0162,26,1371.5454,13,1369.4808,40,1324.351,9,943.152,7,1411.9598,8,1021.2186,7,1429.6611,1448.11335,1102.5275,907.225,1203.5636,.950399492489711,.890383733359333,1,1
M15,78,2,F,1,.9527,.97917,1,.91667,1,1,.97222,.94,.8,.96,1,1,.98667,1,1,1,1,1,1,1,1,1,1,1,1,1,1,1,1,932.6529,32,935.2512,63,931.3332,9,914.6156,9,842.0267,7,951.5957,15,957.7367,23,943.3261,15,886.6347,16,1006.8431,15,1019.594,17,821.8276,48,945.3015,17,944.4224,15,924.8573,27,862.3752,27,1074.617,9,708.3556,16,930.9888,16,930.9888,10,876.757,14,926.7871,14,819.1764,14,1014.7686,5,1034.112,1,1233,8,849.0812,10,1261.7,2,1136.305,2,855.25,1,660,2,993.52,6,814.9083,2,883.03,3,995.31,6,959.3133,4,922.43,5,989.542,7,711.7614,7,1112.0514,0, ,3,806.1833,1,892.19,3,1011.51,1,737.68,0, ,2,1029.37,2,737.345,6,904.8067,3,934.2333,6,958.8783,5,870.784,10,936.403,13,948.6515,21,900.5233,27,980.1289,13,970.8038,41,967.7644,9,1098.8313,7,1105.2378,8,776.9027,7,1106.2893,848.96915,977.31165,955.986,911.9064,.950399492489711,.890383733359333,1,1
M16,83,2,F,1,.93919,.95833,.91667,1,.91667,.95833,.97222,.93,.96,.92,.92,.92,.92,1,.92857,.92,.92857,1,.83333,.90909,1,1,.85714,1,1,1,.9,1,.85714,1180.011,30,1068.3727,56,1239.8173,8,838.8537,7,1182.6129,6,886.295,17,1224.2912,22,1151.8341,13,1311.8977,18,1262.565,11,1220.7582,14,1158.6136,43,1218.0256,17,838.8594,13,1368.5054,23,1038.2252,26,1538.0623,7,794.4243,14,1119.2764,14,1119.2764,10,1235.592,11,1016.5136,12,714.6758,13,1705.3977,3,931.9467,4,1146.06,7,1353.6929,8,1759.3462,1,649.25,1,638.74,3,916.31,3,1318.7833,4,1329.0475,4,924.33,5,1207.446,4,1161.15,4,704.49,3,2042.9333,5,631.968,7,1405.11,0, ,2,726.665,1,1002.5,1,1386.4,2,797.405,1,1122.6,1,1003.5,2,2541.5,6,824.915,2,880.67,5,1027.766,6,1673.6417,9,1217.1644,13,1106.6054,17,968.3688,26,1381.2627,17,1155.5288,32,1382.0253,8,884.4874,6,1836.4048,9,797.737,6,1841.5269,1126.68875,1184.298,1373.71165,1018.539,.950399492489711,.890383733359333,1,1
M17,81,2,M,1,.9527,.97917,1,1,1,.95833,.97222,.94,.92,.92,.96,.96,.94667,.94118,1,1,.93333,.85714,1,1,1,1,1,1,1,1,.88889,1,.85714,1088.2472,30,1064.2363,64,1099.5023,10,1179.612,6,1028.315,9,899.5589,11,1053.3473,20,1006.5485,16,1113.8369,14,1075.7514,18,1097.6089,16,1108.08,48,1094.7242,16,988.9025,14,1150.3321,27,1030.6404,28,1209.7911,9,962.9678,12,1185.71,12,1185.71,12,1198.6592,13,954.4992,16,914.5019,11,1054.6873,4,1115.8275,2,1120.6,6,1309.5167,7,1314.96,2,954.055,3,1204.4,0, ,2,1591.6,5,1083.378,2,989.7,4,1144.93,7,989.2243,4,764.0775,3,991.2867,7,888.5014,6,1070.1117,1,1859.5,2,994.055,2,1263.9,2,758.205,1,900.7,0, ,4,1113.8775,2,1103.515,6,1053.9033,4,1368.175,6,995.32,6,1319.6717,9,950.9744,11,1052.0182,22,983.0168,26,1189.2458,26,1237.36,29,1018.2786,10,987.2849,7,1185.7716,6,997.901,7,1187.2682,1036.539,1067.07715,877.6821,979.30655,.950399492489711,.890383733359333,1,1
M18,77,2,M,1,.9527,.89583,.83333,.83333,.91667,1,.91667,.98,.96,1,1,.96,.98667,.82353,1,.96429,1,.75,1,1,1,.6,1,1,1,1,1,1,1,1035.5515,27,917.7378,60,1088.5677,7,1233.3457,6,675.9317,8,746.38,13,956.5985,20,807.275,16,1145.3575,12,905.9508,16,1235.335,16,1021.9731,44,1067.9168,14,1095.8986,13,725.8723,27,1121.8615,26,1084.8531,7,973.9457,10,830.433,10,830.433,9,744.5889,16,878.5206,11,1456.6155,9,847.6289,2,571.155,5,677.722,6,945.5183,7,1632.4257,1,577.11,2,741.88,1,911.8,4,1153.65,3,749.1833,5,810.51,3,781.11,7,864.0557,2,1499.03,3,772.14,5,1073.322,5,735.888,0, ,2,571.625,3,703.4733,2,1406.07,1,3151.5,0, ,3,1502.2,1,1632.8,5,1429.932,2,741.88,7,1283.1543,8,1044.7275,9,940.5456,11,698.2355,18,978.7272,26,1129.6635,17,1040.1612,36,1133.7139,6,1745.7734,5,891.1923,8,592.4345,5,886.9982,779.84665,822.58285,1135.585,904.605,.950399492489711,.890383733359333,1,1
M19,72,2,M,2,.9527,.9375,.91667,.91667,.91667,1,.94444,.96,.92,1,.92,1,.97333,.94118,.90909,1,.88889,1,.8,1,.75,1,1,1,1,1,1,1,1,1450.5809,26,1278.595,60,1525.1082,8,1488.355,6,1564.1883,5,1010.552,12,1225.335,18,1185.3683,14,1614.315,18,1497.8622,13,1388.2615,15,1593.144,46,1497.9583,16,1162.0325,10,1465.095,26,1508.6846,24,1687.9567,10,1176.973,19,1503.7126,19,1503.7126,9,1559.4689,7,1168.5057,13,1195.1877,11,1538.0182,5,1384.728,3,927.7767,10,1656.86,7,1882.7471,3,1407.7167,1,2267.9,1,855.15,2,2600.35,3,1710.1733,3,1049.0833,3,1422.2,3,1265.23,4,837.9725,0, ,5,1201.972,8,1444.9,2,1547.9,0, ,1,1542.3,1,1236.6,1,946.59,1,1373.4,3,1743.0333,2,1992.8,4,1292.435,4,1684.275,6,1519.675,5,2145.72,6,1001.92,12,1277.0925,18,1412.4933,28,1552.9,19,1800.0732,31,1468.8829,8,1562.7713,4,2096.3283,8,779.169,4,2101.8082,1379.6283,1343.715,837.9725,1323.436,.950399492489711,.890383733359333,0,1
M20,72,2,M,2,.93243,.9375,.91667,1,.91667,.91667,.94444,.93,.88,1,.88,.96,.94667,.8125,1,.96296,.80769,1,1,1,.90909,.8,1,.5,.85714,1,.66667,1,.77778,1720.9422,27,1608.3111,56,1775.2464,7,1633.4429,7,1388.4857,7,1540.4,13,1742.1231,20,1599.515,13,1915.8462,16,1661.3625,14,1873.4643,13,1669.0385,43,1732.7395,13,1729.5308,14,1495.75,26,1824.1654,21,1746.781,9,1700.3444,11,1777.3727,11,1777.3727,9,1904.9111,7,1946.3143,16,1787.1937,11,1364.1727,2,1465.2,3,1481.2667,5,2057.14,7,1662.5857,2,1514.3,1,1794.9,2,1653.2,3,1928.7667,1,1335.3,0, ,6,1980.85,5,1942.4,8,1845.175,6,1419.9,6,1463.2,4,1317.675,1,1821.6,1,1763.5,1,2102.2,1,2148.7,0, ,1,1215.8,2,2527.25,0, ,3,1597.3667,4,1660.5,7,1957.1571,4,1972.125,10,1748.66,10,1450.37,18,1576.0444,25,1845.56,18,1921.3333,29,1707.8172,5,1837.0466,7,1541.0144,8,1676.5215,7,1543.5885,1335.3,1961.625,1632.5375,1390.4375,.950399492489711,.890383733359333,0,1
M21,81,2,M,1,.95946,1,1,1,1,1,1,.94,.88,.92,.96,1,.96,1,1,1,.96296,1,1,1,1,1,1,1,1,1,.88889,1,1,1074.104,32,1147.0691,62,1036.4447,9,1194.9489,9,1219.9511,7,1006.9857,15,1089.2047,23,1128.3335,15,878.27,15,1038.108,15,1172.3853,17,1054.5953,47,1086.926,17,1125.1241,15,1171.94,27,1052.6037,26,1122.3619,9,739.7622,16,1154.8719,16,1154.8719,10,1161.785,14,1154.5586,14,921.8314,13,1076.1608,5,1101.348,1,969.15,8,1251.7825,10,1378.35,2,1087.6,2,914.92,1,781.75,2,795.155,6,1381.6167,2,948.2,3,877.57,6,1314.2233,4,1001.1925,5,1056.982,7,744.6,6,1038.1333,0, ,3,1305.1333,1,695.44,3,822.2267,1,1628.6,0, ,2,1030.035,2,1238.19,6,1286.5333,3,1011.78,6,884.75,5,952.426,10,1095.932,13,1153.2577,21,1000.6548,26,1156.6065,13,952.0331,40,1130.632,9,1212.8447,7,1449.8972,8,1023.954,7,1450.8565,1164.90835,1095.89665,1029.08725,891.36665,.950399492489711,.890383733359333,1,1
M22,83,2,M,2,.9527,.9375,.91667,1,.83333,1,.94444,.96,.92,.96,.96,1,.97333,1,.8,1,.96429,1,.4,1,1,1,1,1,1,1,.875,1,1,1147.8806,28,1104.7464,60,1168.0098,8,1009.2788,5,1228.804,7,1130.5571,16,1181.9075,20,1142.9335,13,1263.2285,15,1231.6907,16,1106.1794,16,1092.7744,47,1141.6728,16,890.6013,12,1390.2733,26,930.6673,27,1507.777,7,739.0371,12,904.7533,12,904.7533,7,1649.6957,11,939.8445,15,905.5067,13,1500.4392,4,911.6625,1,845.96,7,900.9786,15,1386.188,1,903.54,1,1114.4,0, ,2,1793.25,3,1637.7,1,757.06,2,1356.345,7,902.7357,6,844.4767,5,1525.808,7,961.4657,5,1561.174,1,978.08,2,973.69,1,2944,1,1314.7,1,858.93,1,1202.7,1,926.55,2,1434.05,5,955.81,3,1098.3933,4,1009.055,5,1879.72,10,1222.204,10,1063.663,18,1026.2378,29,1213.3221,18,1321.7389,35,1174.7437,8,949.7402,4,2083.1083,8,827.3996,4,2079.0472,1197.38,1129.54035,1185.14235,1261.31985,.950399492489711,.890383733359333,0,1
M23,81,2,F,2,.97297,.95833,.91667,1,1,.95833,.97222,.98,.92,1,1,1,1,1,.92857,1,1,1,1,1,1,1,1,1,1,1,1,.75,1,1141.5448,30,1205.024,60,1109.8052,8,1297.1588,7,1147.4471,7,1137.1857,17,1197.9318,22,1171.5205,13,1095.9277,18,1118.1489,13,1025.4908,16,1180.1994,47,1113.6436,17,1233.9241,13,1167.2315,25,1009.8236,28,1244.4414,7,928.3371,15,1068.08,15,1068.08,10,1184.007,11,1106.7964,13,1122.7669,14,1266.4821,3,1198.1,5,1195.158,8,1052.9713,8,1284.975,1,1191,1,957.54,3,937.3767,3,1078.14,3,953.7233,4,1057.21,6,1288.55,4,1127.725,4,1270.31,3,1344.0367,6,806.79,8,1228.245,0, ,2,1338.37,1,1247.6,1,758.28,2,1190.495,1,1347.4,1,2293,2,1262.64,6,1345.3883,2,1152.47,5,1172.682,6,1167.8833,8,1181.4912,14,1165.8229,20,1035.8695,27,1171.2541,17,1117.3124,36,1141.5456,8,1307.7074,5,1221.5598,9,1173.4362,5,1223.7495,1005.46665,1208.1375,1307.17335,1017.5175,.950399492489711,.890383733359333,1,1
M24,78,2,F,1,.94595,.95833,.91667,.91667,1,1,.97222,.94,.92,.92,.96,.96,.94667,.94118,.92857,1,.93333,1,1,1,.88889,1,1,1,1,1,.88889,.83333,1,1095.9791,29,1179.7297,63,1057.4273,9,1341.6233,5,980.714,9,1172.3733,12,1198.1542,20,1106.8775,16,993.9612,14,941.1414,17,968.2453,16,1317.3994,47,1079.0328,16,1340.3081,13,982.0946,27,990.8252,28,1119.7221,8,1064.1775,13,1116.6885,13,1116.6885,12,1170.1617,13,1224.8431,16,1028.4375,11,869.6645,5,896.458,2,827.735,6,1269.0467,6,1285.8967,2,1210.19,3,1287.5967,0, ,2,1220.2,4,1005.5125,2,2333.1,5,1294.212,7,877.01,4,1267.6125,3,747.03,7,967.9014,6,894.8867,1,985.83,2,1901.605,2,1281.5,2,657.24,1,1002.4,0, ,4,901.71,2,977.95,5,1445.198,4,1212.155,6,820.22,6,1159.8833,9,1325.7533,11,927.7973,23,1005.843,24,1149.1729,27,1132.3122,28,983.2882,9,1742.7189,6,1136.9198,7,823.9811,6,1139.8549,1669.30625,1085.611,1007.32125,931.39405,.950399492489711,.890383733359333,1,.88889
M25,79,2,M,1,.86486,.85417,.91667,.83333,.91667,.83333,.83333,.87,.84,.8,.92,.92,.88,.88235,.92308,1,1,.75,1,1,1,1,1,.85714,1,.66667,1,1,1,1044.5076,27,1087.5019,61,1025.4774,7,1144.4129,7,1028.2643,9,1284.2078,11,793.2173,20,1067.583,16,1329.5494,12,980.2242,16,846.58,17,939.6094,45,917.3629,15,1009.53,12,1184.9667,28,1027.6461,26,1088.7031,7,781.9643,10,1054.554,10,1054.554,9,1426.5433,15,1008.3287,13,1004.3354,8,1222.2887,2,693.365,5,787.042,6,854.935,7,930.1643,1,1635.2,2,1252.4,1,2394,4,1054.97,3,2051.0633,4,1194.6675,3,1079.5533,7,824.1629,4,867.865,2,813.2,5,796.58,5,1163.222,0, ,2,743.76,3,1149.0133,2,1544.8,1,1577.7,0, ,3,1341.4333,1,2335.8,5,1101.218,2,1252.4,7,1541.4714,8,1250.34,8,1246.655,12,948.2017,19,906.4221,26,925.3581,17,1032.2118,37,1068.4532,8,1243.5062,5,1555.8418,7,737.6232,5,1552.0394,1622.8654,951.8581,840.5325,979.901,.950399492489711,.890383733359333,1,1
Y01,53,1,F,2,.80405,.70833,.75,.66667,.83333,.58333,.69444,.85,.8,.92,.96,.72,.86667,.70588,.46667,.77778,.81481,.85714,.66667,.77778,.75,.8,.77778,.4,.77778,.6,.77778,.33333,1,1630.1615,19,1369.4405,52,1725.425,6,1253.8267,5,1708.91,5,1322.772,8,1476.9125,13,1422.8008,11,2072.3182,15,1702.6533,14,1639.2571,12,1536.4333,41,1632.3561,12,1261.9692,7,1553.6771,21,1763.1762,22,1698.6136,9,1702.8778,13,1700.3838,13,1700.3838,6,2060.25,9,1562.6733,11,1454.6618,10,1447.547,4,1185.07,0, ,6,2007.3167,8,1782.475,2,1015.505,2,1434.385,1,3289.8,1,1502.8,2,2377.5,1,883.96,3,1905.2333,6,1570.9333,3,1621.7333,3,1083.99,6,1459.1833,5,1589.62,0, ,1,1950.2,1,1890.8,1,1804.3,1,672.98,0, ,1,1708,2,1637.7,4,1163.5475,2,1434.385,3,2267.3667,4,1667.25,5,1208.892,8,1556.4938,19,1598.0105,22,1662.0182,11,1956.7909,32,1652.2344,7,1246.0823,0, ,5,1289.0486,0, ,1630.73,1738.0833,1352.86165,1524.40165,.950399492489711,.890383733359333,0,1
Y02,52,1,M,1,.85135,.72917,.66667,.75,.75,.79167,.75,.91,.96,.92,.88,.88,.89333,.47059,.8,.88889,.85185,.28571,.66667,1,.75,.4,.77778,.8,.88889,1,.88889,.83333,1,2144.6118,20,2173.3,56,2134.3661,5,1705.1,6,2529.7667,5,2217,10,2075.6,15,2329.3667,14,2497.8857,15,2128.14,12,1905.175,15,1984.66,42,2013.1929,8,2133.6625,12,2199.725,24,1987.5042,23,2279.1739,9,2155.9333,11,1911.9364,11,1911.9364,9,2431.5333,12,2124.3583,9,2027.3111,13,2263.0308,1,2952.3,0, ,8,1811.7625,7,2246.2857,1,1431,2,1614.25,1,2153.9,2,2777.2,5,2594.62,2,1793.85,3,1939.7,5,1953.22,2,2616.15,5,2039.02,6,1811.45,6,2440.8167,0, ,2,1933,1,3091.6,3,2757.5,0, ,0, ,1,2144.8,2,2289.7,3,1765.6667,2,1614.25,5,2514.24,5,2645.08,8,2101.2,7,2590.1286,18,1939.7111,24,2068.3042,12,2265.5667,35,2083.8371,1,3155.7,4,2860.8315,7,1988.7944,4,2850.5298,2194.235,1946.46,2327.585,2126.13335,.950399492489711,.890383733359333,1,1
Y03,58,1,M,2,.86486,.75,.75,.66667,.83333,.875,.75,.92,.88,.96,.92,.92,.93333,.76471,.53333,.96296,1,1,.66667,1,1,.4,1,.8,.88889,.6,1,.5,1,1007.7427,21,1306.1929,62,906.6547,6,1192.875,6,1386.1667,5,1705.38,12,973.0533,15,1351.52,14,773.9043,16,920.3244,15,912.3193,17,998.1147,48,945.3735,13,1516.94,8,963.7287,26,937.8042,27,974.1763,9,614.1022,16,1366.7538,16,1366.7538,7,1054.0671,12,1110.4942,11,809.9218,12,932.2358,5,1843.27,0, ,8,1193.7937,10,1075.428,2,1203.77,2,1090.05,1,693.82,2,786.735,3,1052.4033,2,1818.75,3,981.1867,6,1003.325,2,944.61,3,790.84,7,715.5486,7,999.9929,0, ,2,1284.805,1,1277.7,2,549.435,0, ,0, ,2,1005.54,2,907.18,4,1244.2875,2,1090.05,5,760.754,5,933.106,6,1275.4583,9,1402.2278,21,873.2567,27,1001.4644,13,979.3877,40,948.8408,5,1010.5038,0, ,8,1820.3548,0, ,1435.57665,992.25585,867.725,857.77075,.950399492489711,.890383733359333,1,1
Y04,55,1,F,1,.71622,.66667,.58333,.75,.75,.5,.69444,.74,.84,.68,.76,.68,.70667,.70588,.33333,.81481,.33333,.85714,.33333,.88889,.25,.8,.77778,.4,.77778,.2,.44444,.5,.25,1752.8179,17,1511.1035,39,1858.1805,4,1131.95,6,1880.15,5,1448.22,4,1698.015,13,1627.7662,12,1856.685,8,1517.2075,9,1832.25,10,2156.091,27,1858.8452,12,1581.075,5,1343.172,22,1640.6541,9,2701.1667,8,1508.0187,14,1755.3586,14,1755.3586,4,1542.14,9,1507.5367,11,1538.5855,5,2548.1,4,1926.775,0, ,7,1969.9571,3,2763.3667,2,1147.45,1,1117.2,1,783.32,0, ,3,1421.3867,1,1394.5,0, ,4,1343.8075,4,1615.175,1,1334.5,5,1218.368,2,3189.65,0, ,1,1115.7,1,1904.4,3,1894.1333,0, ,0, ,2,2185.95,2,2513.35,3,1136.8667,1,1117.2,6,1806.27,3,2310.3667,5,1445.672,8,1741.575,11,1664.2236,16,1992.6475,9,2003.2256,22,1926.1755,6,1685.8731,2,1394.53,6,1463.6433,2,1394.53,1407.94335,1343.8075,1474.8375,2204.009,.950399492489711,.890383733359333,0,.88889
Y05,56,1,M,2,.81757,.79167,.83333,.75,.75,.70833,.77778,.83,.8,.88,.92,.72,.84,.9375,.86667,1,.92857,.8,.8,1,.94118,1,1,1,1,1,.875,.75,1,1477.585,28,1339.5214,58,1544.2364,8,1689.2638,5,1012.068,7,1212.22,14,1362.7321,20,1199.6245,13,1791.5892,14,1591.7457,17,1583.8182,14,1218.9786,45,1472.7789,15,1239.7767,13,1454.6115,26,1266.1046,26,1877.3312,6,1306.0633,11,1484.3218,11,1484.3218,6,1415.7117,11,1154.5836,15,936.53,13,1614.9908,3,1419.3,2,1543.6,7,1481.7629,14,1871.3721,1,1697.3,2,1874.25,0, ,2,2598.25,3,887.1567,1,1383.8,2,2151.8,7,1057.8729,6,873.74,5,1471.936,7,939.3443,5,1627.98,0, ,2,1097.705,1,1529.2,1,1716.1,1,1079.2,1,2053.1,1,1150.9,2,1721.1,5,1542.502,3,1933.8667,4,1795.115,5,2033.58,10,1158.705,10,1240.544,17,1137.6924,28,1676.2243,18,1631.4244,34,1540.1085,7,1292.7237,6,1277.1373,8,1198.6153,6,1285.1144,1135.47835,1604.83645,1172.838,1283.66215,.950399492489711,.890383733359333,0,.85714
Y06,58,1,F,1,.9527,1,1,1,1,.91667,1,.93,.88,.96,.96,.92,.94667,1,1,.92593,.92593,1,1,1,1,1,.77778,1,1,1,.88889,1,.75,1339.6727,32,1315.6356,59,1352.7098,9,1415.4167,9,1256.3856,7,1271.1443,13,1155.2,23,1276.5909,15,1777.0247,15,1189.3027,14,1252.8329,15,1185.0207,44,1208.057,17,1282.2571,15,1353.4647,25,1326.6756,25,1501.9116,9,1010.5778,16,1329.6325,16,1329.6325,9,1610.1556,14,1512.6029,12,1042.8917,13,1341.1123,5,1179.002,1,1408.2,8,1286.1012,10,1379.96,2,1193.1,2,1284.85,1,2704.1,2,1352.5,6,1491.7167,2,1416.8,2,1165.7,6,1041.49,4,1056.5775,5,1209.634,5,753.068,6,1377.4317,0, ,3,1841.9,1,3209.7,3,2189.4,1,931.55,0, ,2,1795.75,2,1560.85,6,1473.9083,3,1298.4333,6,2143.9667,5,1807.28,10,1301.771,13,1257.2215,18,1121.595,26,1267.9154,12,1347.1858,38,1435.4855,9,1305.0772,7,1558.1261,8,1258.9086,7,1554.8365,1454.25835,1103.595,1133.10575,1065.24985,.950399492489711,.890383733359333,1,1
Y08,59,1,F,1,.9527,.95833,.91667,1,1,.875,.97222,.95,.96,.96,1,.88,.94667,.88235,1,1,.85185,.71429,1,1,.83333,1,1,1,1,1,.77778,1,1,1634.6441,30,1519.61,58,1694.1445,8,1740.05,9,1412.4222,7,1473.3143,12,1489.525,22,1439.45,14,2167.9286,15,1395.1167,15,1627.5487,14,1612.1,44,1543.395,15,1482.9733,15,1556.2467,27,1582.6259,23,1853.487,8,1612.41,14,1494.6143,14,1494.6143,10,1471.92,14,1621.8143,14,1524.6786,12,1668.0917,4,1349.475,1,1799,8,1533.75,8,1979.8625,1,1374.7,2,1824.2,1,1882,2,2754.7,6,1445.2333,2,1556.1,3,1361.2,6,1400.8167,4,1353.625,5,1454.58,7,1509.1714,5,1678.16,0, ,3,1779.2,1,1964.2,3,1950.2333,1,1607.7,0, ,2,1879.55,2,2176.7,5,1664,3,1866.8,6,1915.3,5,2365.4,10,1419.4,12,1456.1583,20,1507.0615,24,1573.6729,12,1780.2667,38,1684.1553,7,1605.9522,7,1662.9704,8,1379.9043,7,1663.0938,1500.66665,1381.00835,1404.1025,1593.6657,.950399492489711,.890383733359333,1,.88889
Y10,58,1,F,1,.81081,.6875,.58333,.66667,.75,.70833,.72222,.87,.8,.88,.96,.84,.89333,.58824,.46667,.92593,.81481,.57143,.66667,1,.75,.4,1,.8,.77778,.6,.77778,.33333,1,1905.2789,17,2423.7235,54,1742.0648,4,2231.275,5,2577,4,2816.7,10,1632.128,13,2482.9385,11,1831.3636,14,1602.2529,14,2068.9286,15,1501.9973,43,1719.2209,10,2761.39,7,1941.3429,25,1728.4996,22,1681.905,7,1979.5857,13,2050.4623,13,2050.4623,6,2038,11,2418.1636,11,1597.3255,10,1844.91,4,2950.25,0, ,8,1724.4763,8,1455.7588,0, ,2,2214.2,1,1059.2,1,1171.9,2,1791.7,2,2888.8,3,2421.3333,5,2269.54,2,2769.3,3,1859.2,7,1304.2971,5,1811.46,0, ,2,2248.35,1,1380.6,2,2488.9,0, ,0, ,2,1450.95,2,1907.1,2,2248.35,2,2214.2,5,1787.78,4,1591.675,6,2317.3333,7,2624.8857,19,1841.7253,24,1622.2383,13,1654.8877,34,1726.4959,3,3059.891,1,2352,7,2632.414,1,2352,2340.25,2345.43665,2314.25,1557.87855,.950399492489711,.890383733359333,1,.77778
Y11,53,1,M,2,.78378,.75,.58333,.66667,.91667,.875,.80556,.8,.72,.96,.76,.76,.82667,.82353,.46667,.81481,.7037,.85714,.66667,1,.58333,1,.77778,.6,.66667,.6,.77778,.33333,.75,1697.4964,21,1970.4662,49,1580.5094,4,2404.925,6,1833.1,6,1721.4,12,1804.3742,17,1868.2406,11,1570.8555,15,1884.98,10,1250.105,13,1491.5231,38,1583.3039,14,1892.8786,7,2125.6414,22,1643.7155,19,1516.0905,8,1559.6875,15,1798.9267,15,1798.9267,5,2068.12,9,1846.8933,12,1588.0083,10,1329.119,5,1893.64,1,3156.4,8,1803.925,6,1725.55,1,1696.7,1,3253.4,1,1387.6,1,916.41,2,2706.75,2,1842.95,2,1800.25,5,1636.828,4,1744.975,3,1018.73,5,1277.76,6,1478.6,0, ,1,2528.5,1,1326.6,1,2223.5,1,2141.1,0, ,2,1773.15,1,1363.4,3,2122.1,1,3253.4,4,1789.35,3,1202.1367,7,1696.3557,10,1988.56,15,1314.7167,23,1758.4696,8,1814.9125,33,1528.7321,8,1916.3296,2,2727.45,6,1865.259,2,2727.45,2274.85,1718.539,1381.8525,1378.18,.950399492489711,.890383733359333,1,.88889
Y12,51,1,F,1,.84459,.85417,.75,.83333,.83333,.95833,.88889,.84,.8,.88,.8,.88,.85333,.70588,.93333,.85185,1,.85714,1,.77778,1,.6,1,.6,.77778,1,1,1,1,1512.0206,26,1678.5138,58,1437.3857,6,1643.1667,8,1684.8875,5,1869.62,15,1581.2867,20,1689.118,14,1605.2079,15,1506.44,13,1283.02,16,1351.225,44,1383.9877,12,2082.125,14,1332.5614,23,1457.4678,27,1596.7581,8,841.7675,13,1731.9346,13,1731.9346,10,1371.677,10,1575.964,12,1686.0392,14,1395.2207,4,2145.8,1,1417.8,6,1426.9867,10,1924.357,2,2312.1,2,1450.4,1,745.83,2,1358.5,6,1298.0783,1,1437.4,3,1530.5667,4,1279.81,3,2668.9,5,1309.758,7,1056.4243,7,1417.3143,0, ,2,1167,1,1336.6,3,2289.6667,0, ,0, ,2,2415.4,2,1531.55,4,1739.55,2,1450.4,6,2074.2717,5,1423.34,9,1487.0178,11,1854.4727,19,1249.1616,25,1486.4556,11,1806.76,39,1455.3813,5,2440.1074,6,1422.2578,7,1808.867,6,1420.8412,1367.73915,1405.18835,1989.329,1236.8693,.950399492489711,.890383733359333,0,.88889
Y13,53,1,F,2,.70946,.72917,.66667,.75,.66667,.75,.75,.7,.68,.72,.68,.72,.70667,.70588,.66667,.7037,.55556,.28571,.66667,.77778,.58333,1,.77778,1,.55556,.6,.55556,.83333,.5,1722.1147,22,1831.1045,40,1662.1702,5,2230.66,6,1859.3667,5,1553.46,11,1722.0727,17,1713.5882,8,1918.8562,11,1602.9973,10,1563.73,11,1624.1536,32,1597.9987,12,1868.4167,10,1786.33,19,1531.3479,15,1991.1933,6,1253.8833,9,1754.3956,9,1754.3956,7,2090.7857,10,1752.815,12,1516.575,8,2009.0375,2,2132.75,1,1838.1,6,1532.8767,7,1773.2,0, ,1,1513.9,1,2326.8,0, ,5,2105.14,2,1729.6,1,1267.5,4,1531.925,4,1264.225,3,1328.5333,6,1539.1167,3,2384.6,0, ,3,2577.5,1,2842.3,1,208.75,1,1906.9,0, ,1,2000.4,2,2466.45,4,2409.85,1,1513.9,3,1511.9833,3,2591.7333,9,1563.5889,8,1882.3375,14,1513.0857,18,1664.0422,9,1573.7722,25,1791.9824,6,1923.1228,4,2184.8137,6,1798.9741,4,2192.9901,1917.37,1399.7125,1296.37915,1961.85835,.950399492489711,.890383733359333,0,.66667
Y14,57,1,M,1,.93919,.91667,.75,.91667,1,1,.97222,.95,.88,.92,1,1,.97333,.88235,.93333,1,.92593,1,.66667,1,.91667,.6,1,1,1,1,.88889,1,1,1215.4943,29,1438.1493,61,1109.642,7,1472.0671,8,1392.1625,7,1352.7557,15,1290.906,22,1427.3573,15,1062.3033,14,1230.9079,15,1113.2107,17,1048.3965,46,1125.0785,15,1366.298,14,1515.1329,27,1004.1933,25,1325.592,9,826.1267,16,1230.5031,16,1230.5031,10,1507.42,14,1163.4814,12,969.2417,13,1338.4423,5,1372.78,1,1616.4,8,1167.4963,9,1463.3222,2,1307.15,1,1782.4,1,869.88,2,971.105,6,1673.4833,2,1238.85,3,1360.9,6,940.7917,3,1358.1333,5,1265.712,7,762.6114,6,1334.8483,0, ,3,1488.0567,1,950.6,3,1234.04,0, ,0, ,2,1109.11,2,1531.05,5,1415.694,2,1613,6,1131.7033,5,1190.982,10,1455.356,12,1404.025,21,1009.4252,25,1222.2272,13,1279.1654,39,1118.5608,7,1712.8759,7,1688.8539,8,1063.9303,7,1674.0106,1456.16665,1150.84585,1311.92265,1048.72985,.950399492489711,.890383733359333,1,1
Y15,54,1,F,2,.88514,.9375,1,.91667,.91667,.875,.91667,.86,.92,.88,.8,.84,.84,1,.93333,.85185,.92593,1,1,.77778,1,1,.88889,1,.88889,1,1,.83333,.75,1556.3997,31,1394.3539,56,1646.1036,9,1284.0767,9,1418.4156,7,1152.8771,13,1617.8677,22,1439.4673,15,1754.1347,14,1653.9643,13,1742.4669,14,1433.015,41,1606.58,17,1151.9982,14,1688.6429,23,1537.3439,25,1874.7716,8,1244.2,14,1327.4471,14,1327.4471,8,1496.0987,13,1328.9754,13,1467.8415,14,1798.9714,5,1345.896,1,1681.9,6,1482.1783,10,2115.01,2,990.43,2,1284.9,1,980.85,2,1867.55,5,1573.98,2,978.925,2,1465.045,5,1465.84,4,1118.1375,5,1791.32,6,1342.5483,7,1664.2,0, ,3,1107.81,1,1168.8,3,1555.4,1,1119.8,0, ,2,2717.15,2,2289.8,6,1070.6817,3,1710.8667,6,1846.8917,5,1896.7,9,1393.6667,13,1471.1754,18,1423.0117,23,1750.2422,12,1479.205,36,1791.0483,9,1276.5085,6,1908.7369,8,1015.2152,6,1895.4737,1276.4525,1465.4425,1454.72875,1503.37415,.950399492489711,.890383733359333,1,.88889
Y16,53,1,F,1,.79054,.85417,.75,.91667,.91667,.66667,.88889,.76,.8,.68,.92,.64,.74667,.82353,.73333,.74074,.59259,.85714,.66667,.77778,.5,1,.66667,.6,.77778,1,.44444,.66667,1,1701.6936,25,1674.9608,44,1716.8827,6,1565.7417,8,1596.635,6,1480.1483,9,1859.75,19,1709.4511,12,1548.4833,9,1769.3089,13,1631.4469,10,1982.845,32,1780.0325,14,1461.1764,11,1947.05,20,1659.142,16,1949.975,8,1395.05,13,1527.2254,13,1527.2254,8,1869.4313,10,1589.975,11,1625.9664,9,2076.1667,4,1366.38,1,3352,6,1686.3517,4,2347.45,2,1402.55,1,1258.7,1,1465.2,2,1137,4,1552.3625,1,1372.3,3,2276.6333,6,1791.8,4,1370.725,5,2119.48,5,1348.786,2,1943.45,0, ,2,1058.725,1,1916.1,1,1659.2,1,3213.2,0, ,1,2445.6,2,2100.6,5,1627.15,1,1258.7,3,1856.6667,5,1678.26,8,1714.7375,11,1705.6064,16,1745.2594,16,1814.8056,8,1947.9013,28,1742.8296,7,1869.2706,5,2448.9203,7,1039.5649,5,2439.4022,1462.33125,2034.21665,1745.1025,1646.118,.950399492489711,.890383733359333,0,.88889
Y17,54,1,M,2,.90541,.95833,.83333,1,1,.95833,1,.88,.72,.96,.96,.88,.93333,1,.93333,.92308,.89286,1,1,.85714,.88235,1,.875,1,1,.83333,1,1,.66667,1338.3231,30,1218.21,56,1402.6695,8,1251.0587,5,1079.782,9,1183.01,15,1362.0413,22,1206.265,12,1208.2025,15,1469.7593,16,1532.4513,13,1345.0346,44,1455.7059,16,1070.3406,14,1387.2036,24,1328.5612,25,1550.3864,7,1129.1943,11,1561.39,11,1561.39,6,1344.0517,11,1398.0236,14,885.0064,13,1285.6154,4,1199.6975,3,1626.3333,6,1870.05,14,1654.2071,1,1156.2,2,1325.9,0, ,1,2713.5,3,1831.9667,1,892.35,1,874.64,7,1442.8186,6,817.9483,5,1112.82,6,927.4333,6,1378.4833,1,830.05,2,1801.15,1,863.72,1,783.88,1,924.28,0, ,1,993.52,2,1439,5,1305.324,3,1160.6167,4,975.185,4,1613.805,10,1146.113,12,1256.3917,17,1166.2218,27,1637.9737,17,1253.2388,32,1541.8772,8,1163.1328,7,1754.2649,8,985.5693,7,1789.3674,1362.15835,1158.7293,965.38415,1152.9583,.950399492489711,.890383733359333,0,1
Y18,53,1,F,1,.86486,.75,.58333,.83333,.75,.83333,.80556,.92,.88,.96,.96,.88,.93333,.70588,.86667,.92593,.85185,.57143,1,.88889,.75,.8,.88889,.8,1,.8,.88889,1,1,1817.3378,25,1656.1516,57,1888.0335,5,1762.44,7,1552.77,7,1709.8571,12,1754.9833,20,1629.5795,13,1862.7423,16,2010.17,14,1674.3886,14,1985.5786,44,1895.5059,12,1709.8158,13,1606.6154,25,1922.3408,23,2009.8126,9,1481.5222,12,2059.4167,12,2059.4167,10,1766.2,13,1676.7323,12,1838.8158,12,1828.2208,3,2395.6667,1,3352.7,8,1954.35,7,2007.3429,1,1891.2,2,1632.1,0, ,2,1502.75,6,1520.8833,2,1382.4,3,1979.9667,6,1682.52,4,1254.4975,4,1285.95,7,1955.5571,6,2238.3833,0, ,2,1828.4,1,2596.8,3,1760.2667,0, ,0, ,1,3358.9,2,1682.275,3,1849.3333,2,1632.1,4,2159.925,5,1793.37,10,1336.31,10,1922.849,20,1742.327,24,2023.155,12,1960.15,36,1965.6225,4,1726.5434,5,2041.4745,8,1698.3664,5,2044.3596,1451.64165,1831.24335,1270.22375,2096.9702,.950399492489711,.890383733359333,1,1
Y19,57,1,F,2,.94595,.9375,.83333,.91667,1,1,.97222,.95,.84,1,.96,1,.98667,.88235,.93333,1,.92593,.85714,1,1,.91667,1,1,.8,1,1,.88889,1,1,2241.0056,29,2111.0034,61,2302.8098,7,2093.2571,8,2204.0375,7,1999.1714,15,2261.5533,22,2116.65,14,2396.4714,16,2084.5312,14,2344.0643,17,2397.1412,47,2274.9106,15,1983.6533,14,2247.45,27,2341.7593,25,2323.496,9,2128.5,15,2077.32,15,2077.32,10,2455.74,13,2389.6923,14,2196.8929,13,2268.3692,4,1962.125,1,1406.6,8,2100.7375,10,2256.84,2,2051.6,2,2536.45,1,2402.2,1,2357.4,6,2482.7333,2,2234.55,3,2225.2333,6,2438.2333,4,1964.325,5,2017.68,7,2411.3,6,2406.7333,0, ,2,2060.35,1,2985.3,3,2615.6,1,1356,0, ,2,2332.05,2,2480,5,1915.98,2,2536.45,6,2485.5167,4,2575.675,10,2154.68,12,2084.9583,20,2466.675,27,2132.863,12,2736.4333,40,2211.9425,8,1987.4537,6,2122.7538,7,1972.1849,6,2121.5734,2358.64165,2331.7333,1991.0025,2409.01665,.950399492489711,.890383733359333,1,1
Y21,47,1,F,2,.88514,1,1,1,1,.83333,1,.83,.8,.88,.8,.84,.84,1,1,.92308,.60714,1,1,.85714,.58824,1,1,1,1,1,.5,1,1,1558.6467,31,1342.3239,48,1698.3552,9,1634.4556,5,1075.072,9,1178.9411,12,1577.3425,22,1222.8155,11,1815.2545,12,1888.3,13,1611.6285,12,1495.2067,37,1663.6014,16,1253.3563,15,1437.2227,24,1625.4283,17,1841.7294,7,1600.1957,11,1548.6455,11,1548.6455,7,1546.5429,11,1702.2155,15,1191.154,10,1626.04,4,1352.825,3,1376.3467,6,1578.5,9,1747.7222,1,2152.8,2,1774.75,0, ,1,2373.5,3,1466.7667,1,1127.9,2,1543,7,1917.3386,6,930.2667,5,1250.36,7,1362.3157,3,1926.0667,1,1285.1,2,1531.4,1,2054.4,1,1112.3,1,1077.6,1,1942.6,1,1671.9,1,2287.8,5,1586.58,4,1694.3,4,1645.425,3,2238.5667,10,1198.624,12,1242.975,16,1517.5281,21,1774.8952,15,1739.7313,26,1700.9119,8,1420.3155,7,1497.8545,8,1097.1557,7,1498.1866,1297.33335,1730.1693,1090.31335,1644.1912,.950399492489711,.890383733359333,0,1
Y22,53,1,F,1,.89189,.95833,1,.83333,1,.91667,.94444,.86,.8,.84,.88,.92,.88,1,.93333,1,.64286,1,1,1,.64706,1,1,1,1,.83333,.625,1,.66667,1344.5699,30,1180.914,51,1440.838,9,1250.4222,4,1256.96,9,1149.2389,15,1373.0847,21,1151.1248,11,1357.7318,11,1535.6609,14,1419.9564,15,1451.7353,40,1463.6923,16,1068.1463,14,1309.7914,26,1084.5646,18,2161.6556,7,910.6086,12,1280.9125,12,1280.9125,6,1535.4567,11,1003.5264,15,944.4407,10,1583.684,4,1045.4825,3,1449.7333,7,1378.5029,9,2280.2889,1,1539.5,2,1145,0, ,2,2517.75,3,1476.78,1,1201.7,2,1878.45,7,1039.1514,6,948.3683,4,1080.06,7,852.1286,4,2031.1,1,1025.5,2,895.7,0, ,1,771.63,1,1505.9,1,1921.8,1,1005.6,1,1470.4,5,1203.3,4,1309.325,4,1146.1475,3,2168.6333,10,1061.465,11,1232.6336,18,1195.6,22,1683.0405,14,1390.335,30,1588.1263,8,1026.5566,7,1373.9702,8,1110.1146,7,1363.4934,1339.24,1458.8007,1014.21415,1441.6143,.950399492489711,.890383733359333,0,1
Y23,55,1,F,2,.72973,.875,.83333,.91667,.91667,.75,.88889,.66,.52,.64,.84,.64,.70667,.76471,.85714,.68,.53571,1,1,.63636,.54545,.66667,.85714,.83333,.4,.5,.6,1,.42857,1794.8213,25,1764.064,36,1816.1806,6,1682.9567,6,1613.41,6,1822.4167,13,1755.8923,19,1789.6768,7,1776.1143,10,1803.4,9,1972.1222,10,1716.66,29,1825.8517,13,1579.6308,12,1963.8667,17,1818.9706,15,1865.9467,4,1617.7,11,1725.3091,11,1725.3091,7,1838.9,7,1414.22,10,1972.076,8,2258.95,3,1571.3667,5,2057.38,5,1635.5,6,1486.3333,1,1625.8,1,1406.8,2,2230.5,0, ,4,2041.55,3,1669.6333,2,1466.1,1,1464,3,1245.4867,1,2091.3,5,2301.06,5,2493.16,0, ,2,1118.32,1,1773.9,1,1190,1,3213.3,1,1615.2,1,1265.7,1,1899.3,4,1768.935,2,1511,4,1729.175,2,1836.6,6,1723.4167,13,1820.2585,12,1924.6,17,1756.1471,16,1868.2812,16,1813.7,5,2293.2805,6,2276.8625,8,1133.4655,6,2283.3073,1855.59165,1465.05,1668.39335,2397.11,.950399492489711,.890383733359333,0,.57143
Y24,53,1,M,1,.75676,.72917,.83333,.75,.75,.66667,.69444,.77,.72,.72,.8,.84,.78667,.76471,.71429,.76,.64286,.75,.83333,.72727,.45455,1,.85714,.5,.8,.75,.8,.5,.71429,2294.6971,23,2253.6565,43,2316.6491,8,2342.1,6,1942.6667,4,2570.65,12,2087.2892,15,2206.4867,8,2691.3125,12,2354.345,9,2040.5,14,2247.7693,35,2231.0117,13,1970.5077,10,2621.75,19,2134.5368,18,2692.8889,6,1764.6183,11,2349.6727,11,2349.6727,7,2626.4143,7,1968.0143,12,1866.0583,11,2637.9273,2,1457.1,4,2578.775,5,2695.9,4,2978.725,1,1665.9,1,1885.2,3,2595.6,1,3172.2,2,2524.2,1,3346.6,5,2667.3,4,1432.35,4,1463.075,2,2810.35,5,1849.3,7,2424.2714,0, ,2,2350.05,0, ,0, ,2,2131.6,1,3348.1,1,3030.7,1,3078.5,6,2250.5833,2,2616.65,4,2704.375,2,3125.35,4,2416.95,11,2129.9545,18,2076.1928,17,2394.9376,14,2204.8857,23,2528.687,5,1841.0029,5,2977.2058,8,2069.174,5,2963.4848,2935.4,2049.825,2136.7125,2136.7857,.950399492489711,.890383733359333,0,.85714
Y25,55,1,M,2,.75676,.66667,.75,.5,.75,.75,.63889,.8,.76,.68,.88,.88,.81333,.76471,.57143,.96296,.9,.71429,.6,1,.88889,1,1,.75,1,1,1,.33333,.85714,1544.2159,21,1886.7867,62,1428.1839,7,1399.6314,3,1380.1667,6,2198.9167,10,2131.26,14,2130.3643,15,1436.114,13,1460.9015,18,1446.3756,16,1373.7006,47,1425.653,13,1703.8477,8,2184.0625,26,1222.3681,27,1627.9574,9,1423.4422,11,1526.3636,11,1526.3636,8,1758.115,12,1412.6867,16,1261.8344,12,1871.3083,3,1950.2,1,3181.4,6,1102.8,7,1547.8471,2,2161.3,2,1189,0, ,1,1576.5,2,2458,1,2667.9,4,1603.93,7,1243.0529,4,1553.025,3,2332.3667,7,1135.9486,7,1647.8714,0, ,2,1082.235,2,1366.6,2,1709.25,1,932.35,0, ,4,1273.315,2,1961.75,5,1483.884,2,1189,6,1418.6267,5,1646.64,8,2251.2875,6,1969.1333,22,1446.5368,25,1407.2752,25,1381.3964,28,1471.4825,8,1861.2002,3,2354.7331,5,1446.4433,3,2358.6691,2562.95,1423.49145,1942.69585,1391.91,.950399492489711,.890383733359333,0,1
Y27,56,1,F,2,.83108,.85417,.91667,.83333,.83333,.79167,.83333,.82,.8,.84,.92,.72,.82667,.70588,1,.75,.84615,1,1,.85714,.81818,.6,.75,.57143,.55556,1,.83333,1,.83333,1729.6747,25,1660.9776,48,1765.4544,8,2126.3875,6,1337.15,7,1623.0857,8,1603.5175,17,1441.9612,12,2036.1667,11,1769.1027,14,1709.0614,11,1538.2564,36,1675.2169,12,1918.5,13,1423.2646,21,1701.5895,22,1856.6832,5,1632.28,10,2042.08,10,2042.08,8,1843.0175,9,1497.8089,9,1878.3889,8,1496.9413,2,1552.55,5,1350.34,5,2159.42,6,2011.8833,2,2306.45,2,1507.3,1,1905.7,3,1782.6333,3,1422.2133,2,1171.3,3,1954.1,4,1194.145,2,1788.9,3,1489.8333,4,1360.4,4,1298.5575,0, ,2,1662.2,2,2307.6,1,3036.7,1,2863.2,0, ,2,2511.45,1,2311.8,6,2332.75,2,1507.3,5,2265.98,6,2045.8167,6,1555.99,11,1379.7636,14,1344.7914,22,1885.4877,12,1883.9683,31,1741.0577,4,2973.1146,5,1500.8627,8,1386.0784,5,1494.0129,1296.75665,1574.1225,1639.36665,1329.47875,.950399492489711,.890383733359333,1,.71429
Y28,54,1,F,1,.79054,.8125,.66667,.83333,.75,.79167,.86111,.78,.84,.84,.72,.72,.76,.70588,.92308,.71429,.92308,1,.85714,.42857,1,.8,.875,.57143,.77778,1,1,1,.83333,1710.2582,24,1768.7083,49,1681.6296,5,1785.94,7,1807.6,6,1955.6667,11,1551.2727,19,1764.1737,15,1597.4433,10,1722.05,11,1729.1727,13,1707.4462,34,1718.7706,12,1936.0833,12,1601.3333,20,1813.49,24,1601.2604,5,1539.96,7,1893.6,7,1893.6,8,1359.8812,11,1960.0545,11,1676.3727,9,1522.0444,2,1072.55,4,1731.825,3,2248.6333,7,2114.7714,2,2182.1,2,1699.3,0, ,4,1373.05,3,1286.5,3,2232.1333,2,1683.75,5,1766.7,4,2215.1,3,1676.8667,4,1252.95,5,1488.9,0, ,1,1166.9,3,1217.35,2,2431.9,0, ,0, ,3,1522.6333,1,1223.3,3,1843.7,2,1699.3,6,1990.5,8,1295.9437,8,1861.15,11,1693.6455,15,1527.2867,19,1869.9421,11,1554.7545,33,1745.3864,7,2534.4947,4,1573.9851,5,1149.7139,4,1564.9761,1759.31665,1725.225,1945.98335,1370.925,.950399492489711,.890383733359333,1,.71429
Y29,57,1,M,2,.70946,.75,.83333,.66667,.83333,.70833,.72222,.69,.64,.6,.72,.8,.70667,.76471,.53333,.96296,.81481,.85714,.66667,.88889,.83333,.6,1,.8,1,.6,.77778,.5,.75,1529.4396,21,1518.4376,57,1533.493,7,1642.7314,6,1679.8283,5,1283.726,10,1628.476,14,1456.2907,13,1429.42,13,1609.2615,15,1357.552,16,1721.435,44,1564.2418,13,1677.4762,8,1260,26,1503.02,22,1589.8668,9,1483.7233,14,1769.2929,14,1769.2929,6,1944.9167,13,1461.7146,12,1426.11,10,1266.233,4,1931.175,0, ,7,1618.0857,8,1435.1975,2,2208.7,2,1331.13,1,1301.4,2,2089.55,3,1487.6333,2,874.265,3,2402.2,6,1590.4,2,1748.55,3,984.9467,7,1330.6243,6,1423.3483,0, ,2,1065.18,0, ,3,1860.3333,1,2289.1,0, ,2,1006.375,1,1167.4,5,1767.372,2,1331.13,6,1482.525,3,1782.1667,6,1152.85,8,1683.8713,21,1617.5981,23,1515.5252,12,1402.1458,36,1589.7178,5,2104.544,0, ,8,1393.1302,0, ,1180.94915,1996.3,1366.74835,1376.9863,.950399492489711,.890383733359333,1,1
Y31,55,1,M,2,.84459,.85417,.75,.91667,1,.79167,.88889,.84,.8,.84,.84,.88,.85333,.82353,.71429,.92,.82143,1,.83333,.81818,.81818,.66667,1,.83333,1,.75,.8,.5,.85714,1682.7716,24,1852.655,53,1605.8432,5,1933.53,6,1923.7333,7,1532.7814,14,1820.5071,19,1831.3721,12,1675.5067,16,1543.4775,11,1580.27,14,1637.5,41,1585.4539,14,1861.25,10,1840.622,23,1456.2078,23,1839.1378,7,1330.9629,13,1586.9369,13,1586.9369,8,2045.9,10,1473.84,11,1645.8091,11,1640.7564,3,2169.8333,5,2074.534,6,1330.1367,7,1894.4143,1,1440.1,0, ,3,1566.5867,2,1328.65,2,2193.5,4,1492.6,5,1859.22,4,1457.825,3,1615.3,2,1355.3,6,1537.25,6,1618.4617,0, ,1,1365.8,1,2684.1,1,1570.9,1,2580.2,1,935.95,1,1454.3,2,2345.5,4,2182.925,1,935.95,5,1544.992,5,2006.48,6,1474.85,13,1995.9208,18,1527.4039,23,1630.8843,15,1546.952,31,1696.4087,7,2265.9887,5,1512.9574,7,1473.1319,5,1524.4784,1843.05,1658.5225,1485.3,1577.85585,.950399492489711,.890383733359333,1,1
Y32,58,1,M,1,.85811,.70833,.66667,.66667,.75,.83333,.72222,.93,.88,.96,1,.88,.94667,.58824,.57143,.92593,.96667,.57143,.6,1,1,.8,.90909,.5,.88889,.66667,.88889,.5,1,1561.8141,18,1700.3106,62,1521.6055,6,1992.4167,3,1700.0333,6,1523.015,9,1458.6778,12,1554.2575,14,1688.05,14,1565.0893,18,1468.1294,16,1398.0787,48,1473.0592,10,1819.589,8,1551.2125,25,1306.9136,29,1718.6583,8,1478.2013,10,1541.428,10,1541.428,10,1835.197,10,1595.307,14,1288.9914,10,1425.688,3,1714.3333,1,1095.6,6,1449.9467,7,1856.0143,1,1571.6,2,1428.85,0, ,2,2307.7,2,1680.8,1,1697.9,5,1398.994,6,1735.8883,3,1737.8633,2,1069.7,7,981.0471,6,1385.43,1,2955.4,1,2068.2,2,2520,2,885.82,1,2501.6,0, ,3,1154.4533,2,1902.45,3,2047.1333,3,1937.7,5,1047,6,2243.3833,6,1512.8483,6,1595.6667,22,1365.7036,26,1563.8985,27,1463.587,27,1592.4844,3,2000.4821,1,2955.4,7,1762.933,1,2955.4,1689.35,1567.44115,1403.78165,1183.23855,.950399492489711,.890383733359333,0,.88889
Y33,57,1,M,2,.89865,.9375,1,1,.91667,.83333,.91667,.88,1,.92,.8,.8,.84,1,.92308,.92857,.92308,1,1,.85714,1,1,1,1,1,.66667,.83333,1,1,1479.8425,29,1546.929,56,1445.1012,8,1578.7875,7,1512.57,9,1678.4889,12,1664.7792,21,1534.7924,16,1323.6956,10,1146.579,15,1442.7267,15,1775.99,40,1493.6635,17,1618.8471,12,1445.045,26,1325.0362,24,1502.2742,6,1736.6917,10,1597.706,10,1597.706,9,1353.3867,16,1369.8156,13,1382.9669,7,1526.7557,2,1586.9,5,1472.27,5,1636.932,7,1484.0429,2,1398.8,2,1324.85,1,1821,4,1541.225,3,1630.8333,5,1633.68,3,1215.2767,7,1256.6114,4,1549.4,2,1218.495,5,1159.794,4,1537.275,0, ,2,1503.5,3,1214.05,2,972.685,1,1693.5,0, ,3,1429.5,1,2101.2,6,1663.4333,2,1324.85,7,1216.9043,8,1488.5312,9,1633.1222,12,1461.045,16,1486.4094,24,1498.4996,17,1466.8329,33,1380.8897,9,1734.4764,5,1405.8591,8,1495.7344,5,1399.9394,1632.25665,1235.94405,1383.9475,1348.5345,.950399492489711,.890383733359333,1,.85714
Y34,53,1,M,1,.93919,1,1,1,1,.91667,1,.91,.84,.96,.92,.92,.93333,1,1,.88889,.89286,1,1,.75,.66667,1,1,1,.9,1,1,1,1,1394.5397,30,1536.8353,58,1320.9384,9,1672.3778,8,1616.425,8,1452.875,9,1213.1944,21,1478.7457,14,1467.2979,16,1295.3713,15,1339.9547,13,1172.8462,44,1274.3695,16,1489,14,1591.5043,24,1167.9375,25,1501.834,9,1226.4533,12,1329.4042,12,1329.4042,15,1579.5067,16,1206.3469,9,1262.2456,11,1511.3409,4,1582.925,3,1280.82,5,1235.6,3,1442.2333,2,1262.45,2,1857.95,1,918.25,3,1564.5333,5,1591.4,5,1250.4,6,1386.9833,7,1116.3357,2,1623.4,2,1711.85,4,1072.5025,7,1439.0329,2,1671,2,1305.8,2,2035.85,2,1311.8,0, ,0, ,3,1274.4667,2,1563.91,5,1598.7,4,1764.475,6,1227.5417,7,1699.0171,8,1419.8,13,1515.02,20,1285.375,24,1265.1983,17,1320.8106,32,1347.5803,8,1565.0797,8,1732.4905,8,1404.8356,8,1724.2734,1420.9,1251.6595,1667.625,1255.7677,.950399492489711,.890383733359333,1,1
